platform,account_username,predicted_identity_id,actual_identity_id,confidence,match_status
ad,svc_001,SVC001,SVC001,High,Correct
ad,svc_002,SVC002,SVC002,High,Correct
ad,svc_003,SVC003,SVC003,High,Correct
ad,svc_004,SVC004,SVC004,High,Correct
ad,svc_005,SVC005,SVC005,High,Correct
ad,svc_006,SVC006,SVC006,High,Correct
ad,svc_007,SVC007,SVC007,High,Correct
ad,svc_008,SVC008,SVC008,High,Correct
ad,svc_009,SVC009,SVC009,High,Correct
ad,svc_010,SVC010,SVC010,High,Correct
ad,svc_011,SVC011,SVC011,High,Correct
ad,svc_012,SVC012,SVC012,High,Correct
ad,svc_013,SVC013,SVC013,High,Correct
ad,svc_014,SVC014,SVC014,High,Correct
ad,svc_015,SVC015,SVC015,High,Correct
ad,svc_016,SVC016,SVC016,High,Correct
ad,svc_017,SVC017,SVC017,High,Correct
ad,svc_018,SVC018,SVC018,High,Correct
ad,svc_019,SVC019,SVC019,High,Correct
ad,svc_020,SVC020,SVC020,High,Correct
ad,svc_021,SVC021,SVC021,High,Correct
ad,svc_022,SVC022,SVC022,High,Correct
ad,svc_023,SVC023,SVC023,High,Correct
ad,svc_024,SVC024,SVC024,High,Correct
ad,svc_025,SVC025,SVC025,High,Correct
ad,svc_026,SVC026,SVC026,High,Correct
ad,svc_027,SVC027,SVC027,High,Correct
ad,svc_028,SVC028,SVC028,High,Correct
ad,svc_029,SVC029,SVC029,High,Correct
ad,svc_030,SVC030,SVC030,High,Correct
ad,c-scarlett.anderson,CON001,CON001,High,Correct
ad,c-karen.patel,CON002,CON002,High,Correct
ad,c-ryan.jones,CON003,CON003,High,Correct
ad,c-jonathan.cox,CON004,CON004,High,Correct
ad,c-grace.hughes,CON005,CON005,High,Correct
ad,c-sharon.russell,CON006,CON006,High,Correct
ad,c-kimberly.scott,CON007,CON007,High,Correct
ad,c-jessica.lopez,CON008,CON008,High,Correct
ad,c-abigail.king,CON009,CON009,High,Correct
ad,c-larry.thomas,CON010,CON010,High,Correct
ad,c-michelle.coleman,CON011,CON011,High,Correct
ad,c-jack.rodriguez,CON012,CON012,High,Correct
ad,c-aaron.nguyen,CON013,CON013,High,Correct
ad,c-timothy.scott,CON014,CON014,High,Correct
ad,c-matthew.mitchell,CON015,CON015,High,Correct
ad,c-joshua.hughes,CON016,CON016,High,Correct
ad,c-lisa.morgan,CON017,CON017,High,Correct
ad,c-timothy.wright,CON018,CON018,High,Correct
ad,c-natalie.foster,CON019,CON019,High,Correct
ad,c-addison.green,CON020,CON020,High,Correct
ad,c-sandra.reed,CON021,CON021,High,Correct
ad,c-sophia.gomez,CON022,CON022,High,Correct
ad,c-karen.young,CON023,CON023,High,Correct
ad,c-ryan.howard,CON024,CON024,High,Correct
ad,c-karen.rogers,CON025,CON025,High,Correct
ad,c-william.gonzales,CON026,CON026,High,Correct
ad,c-matthew.jenkins,CON027,CON027,High,Correct
ad,c-amy.carter,CON028,CON028,High,Correct
ad,c-justin.gonzales,CON029,CON029,High,Correct
ad,c-thomas.mendoza,CON030,CON030,High,Correct
ad,c-kimberly.anderson,CON031,CON031,High,Correct
ad,c-gary.smith,CON032,CON032,High,Correct
ad,c-anthony.cook,CON033,CON033,High,Correct
ad,c-natalie.brooks,CON034,CON034,High,Correct
ad,c-zoey.lee,CON035,CON035,High,Correct
ad,c-eric.williams,CON036,CON036,High,Correct
ad,c-laura.walker,CON037,CON037,High,Correct
ad,c-richard.hernandez,CON038,CON038,High,Correct
ad,c-larry.foster,CON039,CON039,High,Correct
ad,c-nicholas.peterson,CON040,CON040,High,Correct
ad,c-leah.cox,CON041,CON041,High,Correct
ad,c-tyler.sanders,CON042,CON042,High,Correct
ad,c-angela.bennett,CON043,CON043,High,Correct
ad,c-emma.thomas,CON044,CON044,High,Correct
ad,c-kimberly.williams,CON045,CON045,High,Correct
ad,c-james.martinez,CON046,CON046,High,Correct
ad,c-samantha.jones,CON047,CON047,High,Correct
ad,c-paul.scott,CON048,CON048,High,Correct
ad,c-charles.castillo,CON049,CON049,High,Correct
ad,c-nicholas.russell,CON050,CON050,High,Correct
ad,joseph.james,EMP0001,EMP0001,High,Correct
ad,jeffrey.reyes,EMP0002,EMP0002,High,Correct
ad,lily.baker,EMP0003,EMP0003,High,Correct
ad,larry.edwards,EMP0004,EMP0004,High,Correct
ad,olivia.young,EMP0005,EMP0005,High,Correct
ad,william.wood,EMP0006,EMP0006,High,Correct
ad,jeffrey.morales,EMP0007,EMP0007,Low (Collision),Correct
ad,lisa.carter,EMP0008,EMP0008,High,Correct
ad,jose.collins,EMP0009,EMP0009,High,Correct
ad,aria.morales,EMP0010,EMP0010,Low (Collision),Correct
ad,patricia.howard,EMP0011,EMP0011,High,Correct
ad,brandon.morris,EMP0012,EMP0012,High,Correct
ad,douglas.white,EMP0013,EMP0013,High,Correct
ad,sarah.reed,EMP0014,EMP0014,High,Correct
ad,richard.turner,EMP0015,EMP0015,High,Correct
ad,aria.green,EMP0016,EMP0016,High,Correct
ad,charles.bennett,EMP0017,EMP0017,High,Correct
ad,walter.long,EMP0018,EMP0018,High,Correct
ad,ella.reed,EMP0019,EMP0019,High,Correct
ad,sandra.cook,EMP0020,EMP0020,High,Correct
ad,peter.rodriguez,EMP0021,EMP0021,High,Correct
ad,matthew.cruz,EMP0022,EMP0022,High,Correct
ad,chloe.sullivan,EMP0023,EMP0023,High,Correct
ad,ruth.anderson,EMP0024,EMP0024,High,Correct
ad,joshua.torres,EMP0025,EMP0025,High,Correct
ad,victoria.brooks,EMP0026,EMP0026,High,Correct
ad,andrew.henderson,EMP0027,EMP0027,High,Correct
ad,ryan.coleman,EMP0028,EMP0028,High,Correct
ad,george.foster,EMP0029,EMP0029,High,Correct
ad,jerry.cruz,EMP0030,EMP0030,High,Correct
ad,thomas.martinez,EMP0031,EMP0031,High,Correct
ad,henry.mitchell,EMP0032,EMP0032,High,Correct
ad,linda.flores,EMP0033,EMP0033,High,Correct
ad,donald.mendoza,EMP0034,EMP0034,High,Correct
ad,penelope.bailey,EMP0035,EMP0035,High,Correct
ad,zachary.lee,EMP0036,EMP0036,High,Correct
ad,anthony.patel,EMP0037,EMP0037,High,Correct
ad,chloe.gonzales,EMP0038,EMP0038,High,Correct
ad,jose.hughes,EMP0039,EMP0039,High,Correct
ad,hannah.stewart,EMP0040,EMP0040,High,Correct
ad,anna.collins,EMP0041,EMP0041,High,Correct
ad,leah.robinson,EMP0042,EMP0042,High,Correct
ad,mark.phillips,EMP0043,EMP0043,High,Correct
ad,aaron.scott,EMP0044,EMP0044,High,Correct
ad,frank.butler,EMP0045,EMP0045,High,Correct
ad,peter.king,EMP0046,EMP0046,Low (Collision),Correct
ad,michael.wilson,EMP0047,EMP0047,High,Correct
ad,jose.green,EMP0048,EMP0048,High,Correct
ad,amy.kelly,EMP0049,EMP0049,High,Correct
ad,jack.parker,EMP0050,EMP0050,High,Correct
ad,larry.mendoza,EMP0051,EMP0051,High,Correct
ad,david.bennett,EMP0052,EMP0052,High,Correct
ad,douglas.thomas,EMP0053,EMP0053,High,Correct
ad,chloe.evans,EMP0054,EMP0054,High,Correct
ad,michelle.peterson,EMP0055,EMP0055,High,Correct
ad,chloe.carter,EMP0056,EMP0056,Low (Collision),Correct
ad,angela.peterson,EMP0057,EMP0057,High,Correct
ad,donald.parker,EMP0058,EMP0058,High,Correct
ad,jacob.gray,EMP0059,EMP0059,High,Correct
ad,lillian.jenkins,EMP0060,EMP0060,High,Correct
ad,isabella.james,EMP0061,EMP0061,High,Correct
ad,tyler.walker,EMP0062,EMP0062,High,Correct
ad,helen.jackson,EMP0063,EMP0063,High,Correct
ad,nicholas.ward,EMP0064,EMP0064,High,Correct
ad,audrey.watson,EMP0065,EMP0065,High,Correct
ad,angela.young,EMP0066,EMP0066,High,Correct
ad,zachary.foster,EMP0067,EMP0067,High,Correct
ad,anthony.perry,EMP0068,EMP0068,High,Correct
ad,carol.henderson,EMP0069,EMP0069,High,Correct
ad,adam.reyes,EMP0070,EMP0070,High,Correct
ad,nathan.castillo,EMP0071,EMP0071,High,Correct
ad,kyle.lee,EMP0072,EMP0072,High,Correct
ad,tyler.young,EMP0073,EMP0073,High,Correct
ad,gregory.walker,EMP0074,EMP0074,High,Correct
ad,aria.torres,EMP0075,EMP0075,High,Correct
ad,brian.cooper,EMP0076,EMP0076,High,Correct
ad,donna.roberts,EMP0077,EMP0077,High,Correct
ad,ashley.evans,EMP0078,EMP0078,High,Correct
ad,ashley.davis,EMP0079,EMP0079,High,Correct
ad,samantha.foster,EMP0080,EMP0080,High,Correct
ad,ava.smith,EMP0081,EMP0081,High,Correct
ad,amy.barnes,EMP0082,EMP0082,High,Correct
ad,jerry.cooper,EMP0083,EMP0083,High,Correct
ad,joshua.parker,EMP0084,EMP0084,High,Correct
ad,kimberly.bennett,EMP0085,EMP0085,High,Correct
ad,anna.taylor,EMP0086,EMP0086,High,Correct
ad,scott.james,EMP0087,EMP0087,High,Correct
ad,ryan.moore,EMP0088,EMP0088,High,Correct
ad,ruth.carter,EMP0089,EMP0089,High,Correct
ad,emily.baker,EMP0090,EMP0090,High,Correct
ad,henry.turner,EMP0091,EMP0091,High,Correct
ad,robert.myers,EMP0092,EMP0092,High,Correct
ad,grace.rodriguez,EMP0093,EMP0093,High,Correct
ad,helen.butler,EMP0094,EMP0094,High,Correct
ad,charles.stewart,EMP0095,EMP0095,High,Correct
ad,olivia.hughes,EMP0096,EMP0096,High,Correct
ad,abigail.cox,EMP0097,EMP0097,High,Correct
ad,jessica.howard,EMP0098,EMP0098,High,Correct
ad,frank.carter,EMP0099,EMP0099,High,Correct
ad,evelyn.ruiz,EMP0100,EMP0100,High,Correct
ad,aaron.hill,EMP0101,EMP0101,High,Correct
ad,linda.hall,EMP0102,EMP0102,High,Correct
ad,jonathan.chavez,EMP0103,EMP0103,High,Correct
ad,lucy.morales,EMP0104,EMP0104,High,Correct
ad,scarlett.coleman,EMP0105,EMP0105,High,Correct
ad,anthony.sanders,EMP0106,EMP0106,High,Correct
ad,ava.reyes,EMP0107,EMP0107,High,Correct
ad,hannah.young,EMP0108,EMP0108,High,Correct
ad,carol.long,EMP0109,EMP0109,High,Correct
ad,chloe.carter,EMP0056,EMP0110,Low (Collision),Incorrect
ad,douglas.adams,EMP0111,EMP0111,High,Correct
ad,deborah.perry,EMP0112,EMP0112,High,Correct
ad,peter.kim,EMP0113,EMP0113,High,Correct
ad,stephen.harris,EMP0114,EMP0114,High,Correct
ad,jeffrey.morales,EMP0007,EMP0115,Low (Collision),Incorrect
ad,aria.morales,EMP0010,EMP0116,Low (Collision),Incorrect
ad,michelle.lewis,EMP0117,EMP0117,High,Correct
ad,patrick.howard,EMP0118,EMP0118,High,Correct
ad,mia.hall,EMP0119,EMP0119,High,Correct
ad,deborah.hughes,EMP0120,EMP0120,High,Correct
ad,andrew.robinson,EMP0121,EMP0121,High,Correct
ad,sarah.myers,EMP0122,EMP0122,High,Correct
ad,jerry.morris,EMP0123,EMP0123,High,Correct
ad,kenneth.gonzalez,EMP0124,EMP0124,High,Correct
ad,ronald.thompson,EMP0125,EMP0125,High,Correct
ad,larry.taylor,EMP0126,EMP0126,High,Correct
ad,justin.nguyen,EMP0127,EMP0127,High,Correct
ad,leah.johnson,EMP0128,EMP0128,High,Correct
ad,jacob.baker,EMP0129,EMP0129,High,Correct
ad,zachary.morris,EMP0130,EMP0130,High,Correct
ad,eric.martinez,EMP0131,EMP0131,High,Correct
ad,addison.reed,EMP0132,EMP0132,High,Correct
ad,sarah.bailey,EMP0133,EMP0133,High,Correct
ad,stephen.carter,EMP0134,EMP0134,High,Correct
ad,zachary.ramos,EMP0135,EMP0135,High,Correct
ad,ella.davis,EMP0136,EMP0136,High,Correct
ad,sandra.king,EMP0137,EMP0137,High,Correct
ad,anthony.peterson,EMP0138,EMP0138,High,Correct
ad,jeffrey.edwards,EMP0139,EMP0139,High,Correct
ad,donna.torres,EMP0140,EMP0140,High,Correct
ad,victoria.robinson,EMP0141,EMP0141,High,Correct
ad,thomas.cooper,EMP0142,EMP0142,High,Correct
ad,lucy.jackson,EMP0143,EMP0143,High,Correct
ad,lillian.flores,EMP0144,EMP0144,High,Correct
ad,olivia.ruiz,EMP0145,EMP0145,High,Correct
ad,jonathan.cooper,EMP0146,EMP0146,High,Correct
ad,benjamin.garcia,EMP0147,EMP0147,High,Correct
ad,andrew.brown,EMP0148,EMP0148,High,Correct
ad,natalie.gonzales,EMP0149,EMP0149,High,Correct
ad,linda.ross,EMP0150,EMP0150,High,Correct
ad,grace.cruz,EMP0151,EMP0151,High,Correct
ad,brenda.brooks,EMP0152,EMP0152,High,Correct
ad,edward.evans,EMP0153,EMP0153,High,Correct
ad,jessica.barnes,EMP0154,EMP0154,High,Correct
ad,raymond.murphy,EMP0155,EMP0155,High,Correct
ad,zoey.peterson,EMP0156,EMP0156,High,Correct
ad,brian.allen,EMP0157,EMP0157,High,Correct
ad,angela.gonzales,EMP0158,EMP0158,High,Correct
ad,jeffrey.miller,EMP0159,EMP0159,High,Correct
ad,ella.long,EMP0160,EMP0160,High,Correct
ad,william.clark,EMP0161,EMP0161,High,Correct
ad,walter.torres,EMP0162,EMP0162,High,Correct
ad,jennifer.watson,EMP0163,EMP0163,High,Correct
ad,justin.johnson,EMP0164,EMP0164,High,Correct
ad,natalie.anderson,EMP0165,EMP0165,High,Correct
ad,henry.martin,EMP0166,EMP0166,High,Correct
ad,jack.wright,EMP0167,EMP0167,High,Correct
ad,carol.collins,EMP0168,EMP0168,High,Correct
ad,anna.kim,EMP0169,EMP0169,High,Correct
ad,aaron.jenkins,EMP0170,EMP0170,High,Correct
ad,jonathan.wright,EMP0171,EMP0171,High,Correct
ad,kevin.butler,EMP0172,EMP0172,High,Correct
ad,larry.morris,EMP0173,EMP0173,High,Correct
ad,zoey.cooper,EMP0174,EMP0174,High,Correct
ad,leah.harris,EMP0175,EMP0175,High,Correct
ad,donna.barnes,EMP0176,EMP0176,High,Correct
ad,aubrey.stewart,EMP0177,EMP0177,High,Correct
ad,lillian.bell,EMP0178,EMP0178,High,Correct
ad,charles.cook,EMP0179,EMP0179,High,Correct
ad,joseph.ortiz,EMP0180,EMP0180,High,Correct
ad,daniel.evans,EMP0181,EMP0181,High,Correct
ad,jose.king,EMP0182,EMP0182,High,Correct
ad,richard.barnes,EMP0183,EMP0183,High,Correct
ad,brian.watson,EMP0184,EMP0184,High,Correct
ad,ella.rodriguez,EMP0185,EMP0185,High,Correct
ad,aubrey.lopez,EMP0186,EMP0186,High,Correct
ad,scarlett.price,EMP0187,EMP0187,High,Correct
ad,raymond.hill,EMP0188,EMP0188,High,Correct
ad,lillian.davis,EMP0189,EMP0189,Low (Collision),Correct
ad,brenda.jackson,EMP0190,EMP0190,High,Correct
ad,scott.mendoza,EMP0191,EMP0191,High,Correct
ad,richard.ward,EMP0192,EMP0192,High,Correct
ad,ethan.howard,EMP0193,EMP0193,High,Correct
ad,scarlett.allen,EMP0194,EMP0194,High,Correct
ad,maria.perry,EMP0195,EMP0195,High,Correct
ad,charlotte.lee,EMP0196,EMP0196,High,Correct
ad,evelyn.hill,EMP0197,EMP0197,High,Correct
ad,douglas.hill,EMP0198,EMP0198,High,Correct
ad,jessica.walker,EMP0199,EMP0199,High,Correct
ad,harper.nguyen,EMP0200,EMP0200,High,Correct
ad,jason.scott,EMP0201,EMP0201,High,Correct
ad,penelope.myers,EMP0202,EMP0202,High,Correct
ad,penelope.perry,EMP0203,EMP0203,High,Correct
ad,scarlett.harris,EMP0204,EMP0204,High,Correct
ad,joseph.watson,EMP0205,EMP0205,High,Correct
ad,jacob.jones,EMP0206,EMP0206,High,Correct
ad,ethan.nguyen,EMP0207,EMP0207,High,Correct
ad,helen.taylor,EMP0208,EMP0208,High,Correct
ad,ethan.wright,EMP0209,EMP0209,High,Correct
ad,addison.nguyen,EMP0210,EMP0210,High,Correct
ad,elizabeth.jackson,EMP0211,EMP0211,High,Correct
ad,amelia.campbell,EMP0212,EMP0212,High,Correct
ad,ruth.morgan,EMP0213,EMP0213,High,Correct
ad,frank.myers,EMP0214,EMP0214,High,Correct
ad,lucy.brooks,EMP0215,EMP0215,High,Correct
ad,donna.stewart,EMP0216,EMP0216,High,Correct
ad,anna.ward,EMP0217,EMP0217,High,Correct
ad,lucy.reyes,EMP0218,EMP0218,High,Correct
ad,karen.garcia,EMP0219,EMP0219,High,Correct
ad,thomas.gonzalez,EMP0220,EMP0220,High,Correct
ad,amy.collins,EMP0221,EMP0221,High,Correct
ad,evelyn.myers,EMP0222,EMP0222,High,Correct
ad,joseph.coleman,EMP0223,EMP0223,High,Correct
ad,michael.ruiz,EMP0224,EMP0224,High,Correct
ad,jacob.walker,EMP0225,EMP0225,High,Correct
ad,dorothy.cooper,EMP0226,EMP0226,High,Correct
ad,sharon.harris,EMP0227,EMP0227,High,Correct
ad,patrick.ramirez,EMP0228,EMP0228,High,Correct
ad,george.young,EMP0229,EMP0229,High,Correct
ad,david.coleman,EMP0230,EMP0230,High,Correct
ad,nathan.robinson,EMP0231,EMP0231,High,Correct
ad,samantha.kim,EMP0232,EMP0232,High,Correct
ad,charles.cooper,EMP0233,EMP0233,High,Correct
ad,patrick.gonzales,EMP0234,EMP0234,High,Correct
ad,deborah.jenkins,EMP0235,EMP0235,High,Correct
ad,anthony.king,EMP0236,EMP0236,High,Correct
ad,ashley.ortiz,EMP0237,EMP0237,High,Correct
ad,emma.jimenez,EMP0238,EMP0238,High,Correct
ad,jessica.edwards,EMP0239,EMP0239,High,Correct
ad,jose.gonzales,EMP0240,EMP0240,High,Correct
ad,jennifer.davis,EMP0241,EMP0241,High,Correct
ad,victoria.wilson,EMP0242,EMP0242,High,Correct
ad,samantha.hernandez,EMP0243,EMP0243,High,Correct
ad,charles.scott,EMP0244,EMP0244,High,Correct
ad,mia.nguyen,EMP0245,EMP0245,High,Correct
ad,brenda.gonzalez,EMP0246,EMP0246,High,Correct
ad,zachary.ramirez,EMP0247,EMP0247,High,Correct
ad,jeffrey.baker,EMP0248,EMP0248,High,Correct
ad,lily.gonzalez,EMP0249,EMP0249,High,Correct
ad,chloe.allen,EMP0250,EMP0250,High,Correct
ad,walter.stewart,EMP0251,EMP0251,High,Correct
ad,susan.parker,EMP0252,EMP0252,High,Correct
ad,charles.bailey,EMP0253,EMP0253,High,Correct
ad,george.bennett,EMP0254,EMP0254,High,Correct
ad,leah.bennett,EMP0255,EMP0255,High,Correct
ad,benjamin.flores,EMP0256,EMP0256,High,Correct
ad,jonathan.ramirez,EMP0257,EMP0257,High,Correct
ad,douglas.wilson,EMP0258,EMP0258,Low (Collision),Correct
ad,thomas.ross,EMP0259,EMP0259,High,Correct
ad,addison.diaz,EMP0260,EMP0260,High,Correct
ad,betty.wright,EMP0261,EMP0261,High,Correct
ad,james.white,EMP0262,EMP0262,High,Correct
ad,angela.rodriguez,EMP0263,EMP0263,High,Correct
ad,aubrey.ortiz,EMP0264,EMP0264,High,Correct
ad,gary.baker,EMP0265,EMP0265,High,Correct
ad,dennis.adams,EMP0266,EMP0266,High,Correct
ad,matthew.long,EMP0267,EMP0267,High,Correct
ad,jacob.james,EMP0268,EMP0268,High,Correct
ad,jacob.turner,EMP0269,EMP0269,High,Correct
ad,isabella.anderson,EMP0270,EMP0270,High,Correct
ad,kenneth.gray,EMP0271,EMP0271,High,Correct
ad,laura.garcia,EMP0272,EMP0272,High,Correct
ad,patricia.smith,EMP0273,EMP0273,High,Correct
ad,aaron.moore,EMP0274,EMP0274,High,Correct
ad,sarah.smith,EMP0275,EMP0275,High,Correct
ad,charles.carter,EMP0276,EMP0276,High,Correct
ad,henry.bennett,EMP0277,EMP0277,High,Correct
ad,zachary.patel,EMP0278,EMP0278,High,Correct
ad,gary.martinez,EMP0279,EMP0279,High,Correct
ad,harper.phillips,EMP0280,EMP0280,High,Correct
ad,angela.williams,EMP0281,EMP0281,High,Correct
ad,ella.collins,EMP0282,EMP0282,High,Correct
ad,douglas.wilson,EMP0258,EMP0283,Low (Collision),Incorrect
ad,angela.ortiz,EMP0284,EMP0284,High,Correct
ad,aubrey.baker,EMP0285,EMP0285,High,Correct
ad,lisa.martinez,EMP0286,EMP0286,High,Correct
ad,mark.jimenez,EMP0287,EMP0287,High,Correct
ad,nathan.chavez,EMP0288,EMP0288,High,Correct
ad,daniel.allen,EMP0289,EMP0289,High,Correct
ad,nancy.ross,EMP0290,EMP0290,High,Correct
ad,gregory.murphy,EMP0291,EMP0291,High,Correct
ad,brandon.edwards,EMP0292,EMP0292,High,Correct
ad,jacob.rodriguez,EMP0293,EMP0293,High,Correct
ad,kevin.jenkins,EMP0294,EMP0294,High,Correct
ad,jonathan.martinez,EMP0295,EMP0295,High,Correct
ad,michael.davis,EMP0296,EMP0296,High,Correct
ad,alexander.gonzales,EMP0297,EMP0297,High,Correct
ad,olivia.howard,EMP0298,EMP0298,High,Correct
ad,harper.wood,EMP0299,EMP0299,High,Correct
ad,nicholas.cook,EMP0300,EMP0300,High,Correct
ad,jessica.russell,EMP0301,EMP0301,High,Correct
ad,alexander.thompson,EMP0302,EMP0302,High,Correct
ad,jacob.cruz,EMP0303,EMP0303,High,Correct
ad,anna.torres,EMP0304,EMP0304,High,Correct
ad,kimberly.gray,EMP0305,EMP0305,High,Correct
ad,george.gonzalez,EMP0306,EMP0306,High,Correct
ad,dennis.barnes,EMP0307,EMP0307,High,Correct
ad,brandon.james,EMP0308,EMP0308,High,Correct
ad,grace.hughes,EMP0309,EMP0309,High,Correct
ad,jack.hernandez,EMP0310,EMP0310,High,Correct
ad,alexander.jenkins,EMP0311,EMP0311,High,Correct
ad,riley.coleman,EMP0312,EMP0312,High,Correct
ad,ronald.williams,EMP0313,EMP0313,High,Correct
ad,sandra.baker,EMP0314,EMP0314,High,Correct
ad,karen.martin,EMP0315,EMP0315,High,Correct
ad,joseph.cook,EMP0316,EMP0316,High,Correct
ad,ella.taylor,EMP0317,EMP0317,High,Correct
ad,betty.coleman,EMP0318,EMP0318,High,Correct
ad,jeffrey.campbell,EMP0319,EMP0319,High,Correct
ad,kenneth.long,EMP0320,EMP0320,High,Correct
ad,paul.flores,EMP0321,EMP0321,High,Correct
ad,frank.kelly,EMP0322,EMP0322,High,Correct
ad,kenneth.jimenez,EMP0323,EMP0323,High,Correct
ad,ashley.lee,EMP0324,EMP0324,High,Correct
ad,william.chavez,EMP0325,EMP0325,High,Correct
ad,stella.wilson,EMP0326,EMP0326,High,Correct
ad,zoey.lee,EMP0327,EMP0327,High,Correct
ad,daniel.coleman,EMP0328,EMP0328,High,Correct
ad,nathan.edwards,EMP0329,EMP0329,High,Correct
ad,william.gomez,EMP0330,EMP0330,High,Correct
ad,richard.mitchell,EMP0331,EMP0331,High,Correct
ad,stella.gonzalez,EMP0332,EMP0332,High,Correct
ad,michael.torres,EMP0333,EMP0333,High,Correct
ad,jack.stewart,EMP0334,EMP0334,High,Correct
ad,robert.allen,EMP0335,EMP0335,High,Correct
ad,lily.cox,EMP0336,EMP0336,High,Correct
ad,kenneth.walker,EMP0337,EMP0337,High,Correct
ad,paul.turner,EMP0338,EMP0338,High,Correct
ad,natalie.murphy,EMP0339,EMP0339,High,Correct
ad,paul.alvarez,EMP0340,EMP0340,High,Correct
ad,james.ward,EMP0341,EMP0341,High,Correct
ad,ashley.white,EMP0342,EMP0342,High,Correct
ad,david.ortiz,EMP0343,EMP0343,High,Correct
ad,linda.brooks,EMP0344,EMP0344,High,Correct
ad,aubrey.williams,EMP0345,EMP0345,High,Correct
ad,paul.sanders,EMP0346,EMP0346,High,Correct
ad,tyler.nelson,EMP0347,EMP0347,High,Correct
ad,charlotte.baker,EMP0348,EMP0348,High,Correct
ad,ava.watson,EMP0349,EMP0349,High,Correct
ad,aria.jimenez,EMP0350,EMP0350,High,Correct
ad,helen.garcia,EMP0351,EMP0351,High,Correct
ad,stella.flores,EMP0352,EMP0352,High,Correct
ad,andrew.jones,EMP0353,EMP0353,High,Correct
ad,zachary.jimenez,EMP0354,EMP0354,High,Correct
ad,sarah.perry,EMP0355,EMP0355,High,Correct
ad,aubrey.cruz,EMP0356,EMP0356,High,Correct
ad,sophia.ruiz,EMP0357,EMP0357,High,Correct
ad,stephen.wright,EMP0358,EMP0358,High,Correct
ad,brenda.cox,EMP0359,EMP0359,High,Correct
ad,emily.wilson,EMP0360,EMP0360,High,Correct
ad,michelle.flores,EMP0361,EMP0361,High,Correct
ad,raymond.cruz,EMP0362,EMP0362,High,Correct
ad,lily.rivera,EMP0363,EMP0363,High,Correct
ad,lillian.davis,EMP0189,EMP0364,Low (Collision),Incorrect
ad,isabella.perry,EMP0365,EMP0365,High,Correct
ad,douglas.cox,EMP0366,EMP0366,High,Correct
ad,david.walker,EMP0367,EMP0367,High,Correct
ad,scott.jones,EMP0368,EMP0368,High,Correct
ad,dorothy.cruz,EMP0369,EMP0369,High,Correct
ad,mia.campbell,EMP0370,EMP0370,High,Correct
ad,sharon.young,EMP0371,EMP0371,High,Correct
ad,betty.murphy,EMP0372,EMP0372,High,Correct
ad,ruth.jimenez,EMP0373,EMP0373,High,Correct
ad,samuel.torres,EMP0374,EMP0374,High,Correct
ad,karen.barnes,EMP0375,EMP0375,High,Correct
ad,samantha.alvarez,EMP0376,EMP0376,High,Correct
ad,victoria.henderson,EMP0377,EMP0377,High,Correct
ad,david.peterson,EMP0378,EMP0378,High,Correct
ad,aria.price,EMP0379,EMP0379,High,Correct
ad,steven.thomas,EMP0380,EMP0380,High,Correct
ad,lillian.murphy,EMP0381,EMP0381,High,Correct
ad,harper.mitchell,EMP0382,EMP0382,High,Correct
ad,samuel.lopez,EMP0383,EMP0383,High,Correct
ad,aria.castillo,EMP0384,EMP0384,High,Correct
ad,aaron.evans,EMP0385,EMP0385,High,Correct
ad,alexander.martinez,EMP0386,EMP0386,High,Correct
ad,stephen.hall,EMP0387,EMP0387,High,Correct
ad,evelyn.white,EMP0388,EMP0388,High,Correct
ad,ethan.davis,EMP0389,EMP0389,High,Correct
ad,kevin.perez,EMP0390,EMP0390,High,Correct
ad,steven.hall,EMP0391,EMP0391,High,Correct
ad,helen.brooks,EMP0392,EMP0392,High,Correct
ad,kevin.ward,EMP0393,EMP0393,High,Correct
ad,lisa.ramos,EMP0394,EMP0394,High,Correct
ad,ella.castillo,EMP0395,EMP0395,High,Correct
ad,lucy.gonzales,EMP0396,EMP0396,High,Correct
ad,alexander.foster,EMP0397,EMP0397,High,Correct
ad,harper.turner,EMP0398,EMP0398,High,Correct
ad,charlotte.nguyen,EMP0399,EMP0399,High,Correct
ad,addison.russell,EMP0400,EMP0400,High,Correct
ad,elizabeth.ruiz,EMP0401,EMP0401,High,Correct
ad,ashley.morris,EMP0402,EMP0402,High,Correct
ad,abigail.jackson,EMP0403,EMP0403,High,Correct
ad,zachary.hall,EMP0404,EMP0404,High,Correct
ad,dorothy.rogers,EMP0405,EMP0405,High,Correct
ad,olivia.thomas,EMP0406,EMP0406,High,Correct
ad,daniel.gonzalez,EMP0407,EMP0407,High,Correct
ad,zachary.ward,EMP0408,EMP0408,High,Correct
ad,nathan.adams,EMP0409,EMP0409,High,Correct
ad,matthew.murphy,EMP0410,EMP0410,High,Correct
ad,sophia.williams,EMP0411,EMP0411,High,Correct
ad,gary.walker,EMP0412,EMP0412,High,Correct
ad,william.miller,EMP0413,EMP0413,High,Correct
ad,peter.butler,EMP0414,EMP0414,High,Correct
ad,maria.henderson,EMP0415,EMP0415,High,Correct
ad,peter.king,EMP0046,EMP0416,Low (Collision),Incorrect
ad,linda.phillips,EMP0417,EMP0417,High,Correct
ad,mark.campbell,EMP0418,EMP0418,High,Correct
ad,jonathan.edwards,EMP0419,EMP0419,High,Correct
ad,joseph.gomez,EMP0420,EMP0420,High,Correct
aws,svc-001,SVC001,SVC001,High,Correct
aws,svc-002,SVC002,SVC002,High,Correct
aws,svc-003,SVC003,SVC003,High,Correct
aws,svc-004,SVC004,SVC004,High,Correct
aws,svc-005,SVC005,SVC005,High,Correct
aws,svc-007,SVC007,SVC007,High,Correct
aws,svc-008,SVC008,SVC008,High,Correct
aws,svc-009,SVC009,SVC009,High,Correct
aws,svc-010,SVC010,SVC010,High,Correct
aws,svc-011,SVC011,SVC011,High,Correct
aws,svc-012,SVC012,SVC012,High,Correct
aws,svc-013,SVC013,SVC013,High,Correct
aws,svc-015,SVC015,SVC015,High,Correct
aws,svc-016,SVC016,SVC016,High,Correct
aws,svc-017,SVC017,SVC017,High,Correct
aws,svc-018,SVC018,SVC018,High,Correct
aws,svc-019,SVC019,SVC019,High,Correct
aws,svc-020,SVC020,SVC020,High,Correct
aws,svc-021,SVC021,SVC021,High,Correct
aws,svc-023,SVC023,SVC023,High,Correct
aws,svc-024,SVC024,SVC024,High,Correct
aws,svc-025,SVC025,SVC025,High,Correct
aws,svc-026,SVC026,SVC026,High,Correct
aws,svc-027,SVC027,SVC027,High,Correct
aws,svc-028,SVC028,SVC028,High,Correct
aws,svc-029,SVC029,SVC029,High,Correct
aws,c_sanderson,CON001,CON001,High,Correct
aws,c_kpatel,CON002,CON002,High,Correct
aws,c_rjones,CON003,CON003,High,Correct
aws,c_jcox,CON004,CON004,High,Correct
aws,c_srussell,CON006,CON006,High,Correct
aws,c_kscott,CON007,CON007,High,Correct
aws,c_aking,CON009,CON009,High,Correct
aws,c_jrodriguez,CON012,CON012,High,Correct
aws,c_anguyen,CON013,CON013,High,Correct
aws,c_jhughes,CON016,CON016,High,Correct
aws,c_nfoster,CON019,CON019,High,Correct
aws,c_wgonzales,CON026,CON026,High,Correct
aws,c_jgonzales,CON029,CON029,High,Correct
aws,c_acook,CON033,CON033,High,Correct
aws,c_zlee,CON035,CON035,High,Correct
aws,c_ewilliams,CON036,CON036,High,Correct
aws,c_lwalker,CON037,CON037,High,Correct
aws,c_lfoster,CON039,CON039,High,Correct
aws,c_npeterson,CON040,CON040,High,Correct
aws,c_jmartinez,CON046,CON046,High,Correct
aws,jreyes,EMP0002,EMP0002,High,Correct
aws,lbaker,EMP0003,EMP0003,High,Correct
aws,ledwards,EMP0004,EMP0004,High,Correct
aws,oyoung,EMP0005,EMP0005,High,Correct
aws,wwood,EMP0006,EMP0006,High,Correct
aws,lcarter,EMP0008,EMP0008,High,Correct
aws,amorales,EMP0010,EMP0010,Low (Collision),Correct
aws,phoward,EMP0011,EMP0011,Low (Collision),Correct
aws,bmorris,EMP0012,EMP0012,High,Correct
aws,dwhite,EMP0013,EMP0013,High,Correct
aws,wlong,EMP0018,EMP0018,High,Correct
aws,ereed,EMP0019,EMP0019,High,Correct
aws,randerson,EMP0024,EMP0024,High,Correct
aws,ahenderson,EMP0027,EMP0027,High,Correct
aws,gfoster,EMP0029,EMP0029,High,Correct
aws,tmartinez,EMP0031,EMP0031,High,Correct
aws,hmitchell,EMP0032,EMP0032,Low (Collision),Correct
aws,zlee,EMP0036,EMP0036,Low (Collision),Correct
aws,jhughes,EMP0039,EMP0039,High,Correct
aws,pking,EMP0046,EMP0046,Low (Collision),Correct
aws,jparker,EMP0050,EMP0050,Low (Collision),Correct
aws,mpeterson,EMP0055,EMP0055,High,Correct
aws,ccarter,EMP0056,EMP0056,Low (Collision),Correct
aws,apeterson,EMP0057,EMP0057,Low (Collision),Correct
aws,ljenkins,EMP0060,EMP0060,High,Correct
aws,hjackson,EMP0063,EMP0063,High,Correct
aws,nward,EMP0064,EMP0064,High,Correct
aws,ayoung,EMP0066,EMP0066,High,Correct
aws,zfoster,EMP0067,EMP0067,High,Correct
aws,chenderson,EMP0069,EMP0069,High,Correct
aws,bcooper,EMP0076,EMP0076,High,Correct
aws,droberts,EMP0077,EMP0077,High,Correct
aws,sfoster,EMP0080,EMP0080,High,Correct
aws,ataylor,EMP0086,EMP0086,High,Correct
aws,sjames,EMP0087,EMP0087,High,Correct
aws,rmyers,EMP0092,EMP0092,High,Correct
aws,grodriguez,EMP0093,EMP0093,High,Correct
aws,hbutler,EMP0094,EMP0094,High,Correct
aws,cstewart,EMP0095,EMP0095,High,Correct
aws,acox,EMP0097,EMP0097,High,Correct
aws,jhoward,EMP0098,EMP0098,High,Correct
aws,ahill,EMP0101,EMP0101,High,Correct
aws,lmorales,EMP0104,EMP0104,High,Correct
aws,hyoung,EMP0108,EMP0108,High,Correct
aws,dadams,EMP0111,EMP0111,Low (Collision),Correct
aws,sharris,EMP0114,EMP0114,Low (Collision),Correct
aws,arobinson,EMP0121,EMP0121,High,Correct
aws,smyers,EMP0122,EMP0122,High,Correct
aws,jnguyen,EMP0127,EMP0127,High,Correct
aws,jbaker,EMP0129,EMP0129,Low (Collision),Correct
aws,zmorris,EMP0130,EMP0130,High,Correct
aws,emartinez,EMP0131,EMP0131,High,Correct
aws,edavis,EMP0136,EMP0136,Low (Collision),Correct
aws,sking,EMP0137,EMP0137,High,Correct
aws,apeterson,EMP0057,EMP0138,Low (Collision),Incorrect
aws,ljackson,EMP0143,EMP0143,High,Correct
aws,abrown,EMP0148,EMP0148,High,Correct
aws,ngonzales,EMP0149,EMP0149,High,Correct
aws,lross,EMP0150,EMP0150,High,Correct
aws,jbarnes,EMP0154,EMP0154,High,Correct
aws,zpeterson,EMP0156,EMP0156,High,Correct
aws,agonzales,EMP0158,EMP0158,Low (Collision),Correct
aws,ccollins,EMP0168,EMP0168,High,Correct
aws,akim,EMP0169,EMP0169,High,Correct
aws,jwright,EMP0167,EMP0171,Low (Collision),Incorrect
aws,lbell,EMP0178,EMP0178,High,Correct
aws,devans,EMP0181,EMP0181,High,Correct
aws,sprice,EMP0187,EMP0187,High,Correct
aws,rhill,EMP0188,EMP0188,High,Correct
aws,smendoza,EMP0191,EMP0191,High,Correct
aws,ehoward,EMP0193,EMP0193,High,Correct
aws,clee,EMP0196,EMP0196,High,Correct
aws,jscott,EMP0201,EMP0201,High,Correct
aws,pmyers,EMP0202,EMP0202,High,Correct
aws,jwatson,EMP0163,EMP0205,Low (Collision),Incorrect
aws,ewright,EMP0209,EMP0209,High,Correct
aws,acampbell,EMP0212,EMP0212,High,Correct
aws,rmorgan,EMP0213,EMP0213,High,Correct
aws,dstewart,EMP0216,EMP0216,High,Correct
aws,kgarcia,EMP0219,EMP0219,High,Correct
aws,emyers,EMP0222,EMP0222,High,Correct
aws,sharris,EMP0114,EMP0227,Low (Collision),Incorrect
aws,pramirez,EMP0228,EMP0228,High,Correct
aws,gyoung,EMP0229,EMP0229,High,Correct
aws,skim,EMP0232,EMP0232,High,Correct
aws,pgonzales,EMP0234,EMP0234,High,Correct
aws,aking,EMP0236,EMP0236,High,Correct
aws,aortiz,EMP0237,EMP0237,Low (Collision),Correct
aws,bgonzalez,EMP0246,EMP0246,High,Correct
aws,wstewart,EMP0251,EMP0251,High,Correct
aws,sparker,EMP0252,EMP0252,High,Correct
aws,cbailey,EMP0253,EMP0253,High,Correct
aws,gbennett,EMP0254,EMP0254,High,Correct
aws,jramirez,EMP0257,EMP0257,High,Correct
aws,adiaz,EMP0260,EMP0260,High,Correct
aws,jwhite,EMP0262,EMP0262,High,Correct
aws,arodriguez,EMP0263,EMP0263,High,Correct
aws,gbaker,EMP0265,EMP0265,High,Correct
aws,dadams,EMP0111,EMP0266,Low (Collision),Incorrect
aws,mlong,EMP0267,EMP0267,High,Correct
aws,zpatel,EMP0278,EMP0278,High,Correct
aws,aortiz,EMP0237,EMP0284,Low (Collision),Incorrect
aws,lmartinez,EMP0286,EMP0286,High,Correct
aws,nchavez,EMP0288,EMP0288,High,Correct
aws,nross,EMP0290,EMP0290,High,Correct
aws,agonzales,EMP0158,EMP0297,Low (Collision),Incorrect
aws,ohoward,EMP0298,EMP0298,High,Correct
aws,ncook,EMP0300,EMP0300,High,Correct
aws,athompson,EMP0302,EMP0302,High,Correct
aws,jcruz,EMP0030,EMP0303,Low (Collision),Incorrect
aws,kgray,EMP0271,EMP0305,Low (Collision),Incorrect
aws,dbarnes,EMP0176,EMP0307,Low (Collision),Incorrect
aws,bjames,EMP0308,EMP0308,High,Correct
aws,rcoleman,EMP0028,EMP0312,Low (Collision),Incorrect
aws,kmartin,EMP0315,EMP0315,High,Correct
aws,jcook,EMP0316,EMP0316,High,Correct
aws,bcoleman,EMP0318,EMP0318,High,Correct
aws,swilson,EMP0326,EMP0326,High,Correct
aws,nmurphy,EMP0339,EMP0339,High,Correct
aws,palvarez,EMP0340,EMP0340,High,Correct
aws,awhite,EMP0342,EMP0342,High,Correct
aws,dortiz,EMP0343,EMP0343,High,Correct
aws,psanders,EMP0346,EMP0346,High,Correct
aws,tnelson,EMP0347,EMP0347,High,Correct
aws,cbaker,EMP0348,EMP0348,High,Correct
aws,awatson,EMP0065,EMP0349,Low (Collision),Incorrect
aws,zjimenez,EMP0354,EMP0354,High,Correct
aws,swright,EMP0358,EMP0358,High,Correct
aws,bcox,EMP0359,EMP0359,High,Correct
aws,ewilson,EMP0360,EMP0360,High,Correct
aws,ldavis,EMP0189,EMP0364,Low (Collision),Incorrect
aws,iperry,EMP0365,EMP0365,High,Correct
aws,sjones,EMP0368,EMP0368,High,Correct
aws,dcruz,EMP0369,EMP0369,High,Correct
aws,syoung,EMP0371,EMP0371,High,Correct
aws,kbarnes,EMP0375,EMP0375,High,Correct
aws,aprice,EMP0379,EMP0379,High,Correct
aws,lmurphy,EMP0381,EMP0381,High,Correct
aws,slopez,EMP0383,EMP0383,High,Correct
aws,aevans,EMP0078,EMP0385,Low (Collision),Incorrect
aws,shall,EMP0387,EMP0387,Low (Collision),Correct
aws,ewhite,EMP0388,EMP0388,High,Correct
aws,edavis,EMP0136,EMP0389,Low (Collision),Incorrect
aws,kperez,EMP0390,EMP0390,High,Correct
aws,kward,EMP0393,EMP0393,High,Correct
aws,lramos,EMP0394,EMP0394,High,Correct
aws,lgonzales,EMP0396,EMP0396,High,Correct
aws,hturner,EMP0091,EMP0398,Low (Collision),Incorrect
aws,eruiz,EMP0100,EMP0401,Low (Collision),Incorrect
aws,drogers,EMP0405,EMP0405,High,Correct
aws,dgonzalez,EMP0407,EMP0407,High,Correct
aws,swilliams,EMP0411,EMP0411,High,Correct
aws,mhenderson,EMP0415,EMP0415,High,Correct
aws,lphillips,EMP0417,EMP0417,High,Correct
okta,svc_001@company.com,SVC001,SVC001,High,Correct
okta,svc_002@company.com,SVC002,SVC002,High,Correct
okta,svc_003@company.com,SVC003,SVC003,High,Correct
okta,svc_004@company.com,SVC004,SVC004,High,Correct
okta,svc_005@company.com,SVC005,SVC005,High,Correct
okta,svc_006@company.com,SVC006,SVC006,High,Correct
okta,svc_007@company.com,SVC007,SVC007,High,Correct
okta,svc_008@company.com,SVC008,SVC008,High,Correct
okta,svc_009@company.com,SVC009,SVC009,High,Correct
okta,svc_010@company.com,SVC010,SVC010,High,Correct
okta,svc_011@company.com,SVC011,SVC011,High,Correct
okta,svc_012@company.com,SVC012,SVC012,High,Correct
okta,svc_013@company.com,SVC013,SVC013,High,Correct
okta,svc_014@company.com,SVC014,SVC014,High,Correct
okta,svc_015@company.com,SVC015,SVC015,High,Correct
okta,svc_016@company.com,SVC016,SVC016,High,Correct
okta,svc_017@company.com,SVC017,SVC017,High,Correct
okta,svc_018@company.com,SVC018,SVC018,High,Correct
okta,svc_019@company.com,SVC019,SVC019,High,Correct
okta,svc_020@company.com,SVC020,SVC020,High,Correct
okta,svc_021@company.com,SVC021,SVC021,High,Correct
okta,svc_022@company.com,SVC022,SVC022,High,Correct
okta,svc_023@company.com,SVC023,SVC023,High,Correct
okta,svc_024@company.com,SVC024,SVC024,High,Correct
okta,svc_025@company.com,SVC025,SVC025,High,Correct
okta,svc_026@company.com,SVC026,SVC026,High,Correct
okta,svc_027@company.com,SVC027,SVC027,High,Correct
okta,svc_028@company.com,SVC028,SVC028,High,Correct
okta,svc_029@company.com,SVC029,SVC029,High,Correct
okta,svc_030@company.com,SVC030,SVC030,High,Correct
okta,scarlett.anderson@contractor.company.com,CON001,CON001,High,Correct
okta,karen.patel@contractor.company.com,CON002,CON002,High,Correct
okta,ryan.jones@contractor.company.com,CON003,CON003,High,Correct
okta,jonathan.cox@contractor.company.com,CON004,CON004,High,Correct
okta,sharon.russell@contractor.company.com,CON006,CON006,High,Correct
okta,kimberly.scott@contractor.company.com,CON007,CON007,High,Correct
okta,abigail.king@contractor.company.com,CON009,CON009,High,Correct
okta,michelle.coleman@contractor.company.com,CON011,CON011,High,Correct
okta,jack.rodriguez@contractor.company.com,CON012,CON012,High,Correct
okta,aaron.nguyen@contractor.company.com,CON013,CON013,High,Correct
okta,timothy.scott@contractor.company.com,CON014,CON014,High,Correct
okta,matthew.mitchell@contractor.company.com,CON015,CON015,High,Correct
okta,joshua.hughes@contractor.company.com,CON016,CON016,High,Correct
okta,lisa.morgan@contractor.company.com,CON017,CON017,High,Correct
okta,timothy.wright@contractor.company.com,CON018,CON018,High,Correct
okta,natalie.foster@contractor.company.com,CON019,CON019,High,Correct
okta,sandra.reed@contractor.company.com,CON021,CON021,High,Correct
okta,sophia.gomez@contractor.company.com,CON022,CON022,High,Correct
okta,karen.young@contractor.company.com,CON023,CON023,High,Correct
okta,karen.rogers@contractor.company.com,CON025,CON025,High,Correct
okta,william.gonzales@contractor.company.com,CON026,CON026,High,Correct
okta,amy.carter@contractor.company.com,CON028,CON028,High,Correct
okta,justin.gonzales@contractor.company.com,CON029,CON029,High,Correct
okta,thomas.mendoza@contractor.company.com,CON030,CON030,High,Correct
okta,kimberly.anderson@contractor.company.com,CON031,CON031,High,Correct
okta,gary.smith@contractor.company.com,CON032,CON032,High,Correct
okta,anthony.cook@contractor.company.com,CON033,CON033,High,Correct
okta,natalie.brooks@contractor.company.com,CON034,CON034,High,Correct
okta,zoey.lee@contractor.company.com,CON035,CON035,High,Correct
okta,eric.williams@contractor.company.com,CON036,CON036,High,Correct
okta,laura.walker@contractor.company.com,CON037,CON037,High,Correct
okta,richard.hernandez@contractor.company.com,CON038,CON038,High,Correct
okta,larry.foster@contractor.company.com,CON039,CON039,High,Correct
okta,nicholas.peterson@contractor.company.com,CON040,CON040,High,Correct
okta,tyler.sanders@contractor.company.com,CON042,CON042,High,Correct
okta,angela.bennett@contractor.company.com,CON043,CON043,High,Correct
okta,emma.thomas@contractor.company.com,CON044,CON044,High,Correct
okta,kimberly.williams@contractor.company.com,CON045,CON045,High,Correct
okta,james.martinez@contractor.company.com,CON046,CON046,High,Correct
okta,samantha.jones@contractor.company.com,CON047,CON047,High,Correct
okta,paul.scott@contractor.company.com,CON048,CON048,High,Correct
okta,charles.castillo@contractor.company.com,CON049,CON049,High,Correct
okta,jeffrey.reyes@company.com,EMP0002,EMP0002,High,Correct
okta,lily.baker@company.com,EMP0003,EMP0003,High,Correct
okta,larry.edwards@company.com,EMP0004,EMP0004,High,Correct
okta,olivia.young@company.com,EMP0005,EMP0005,High,Correct
okta,william.wood@company.com,EMP0006,EMP0006,High,Correct
okta,jeffrey.morales@company.com,EMP0007,EMP0007,Low (Collision),Correct
okta,lisa.carter@company.com,EMP0008,EMP0008,High,Correct
okta,jose.collins@company.com,EMP0009,EMP0009,High,Correct
okta,aria.morales@company.com,EMP0010,EMP0010,Low (Collision),Correct
okta,patricia.howard@company.com,EMP0011,EMP0011,High,Correct
okta,brandon.morris@company.com,EMP0012,EMP0012,High,Correct
okta,douglas.white@company.com,EMP0013,EMP0013,High,Correct
okta,sarah.reed@company.com,EMP0014,EMP0014,High,Correct
okta,richard.turner@company.com,EMP0015,EMP0015,High,Correct
okta,aria.green@company.com,EMP0016,EMP0016,High,Correct
okta,charles.bennett@company.com,EMP0017,EMP0017,High,Correct
okta,walter.long@company.com,EMP0018,EMP0018,High,Correct
okta,ella.reed@company.com,EMP0019,EMP0019,High,Correct
okta,sandra.cook@company.com,EMP0020,EMP0020,High,Correct
okta,peter.rodriguez@company.com,EMP0021,EMP0021,High,Correct
okta,matthew.cruz@company.com,EMP0022,EMP0022,High,Correct
okta,chloe.sullivan@company.com,EMP0023,EMP0023,High,Correct
okta,ruth.anderson@company.com,EMP0024,EMP0024,High,Correct
okta,joshua.torres@company.com,EMP0025,EMP0025,High,Correct
okta,victoria.brooks@company.com,EMP0026,EMP0026,High,Correct
okta,andrew.henderson@company.com,EMP0027,EMP0027,High,Correct
okta,ryan.coleman@company.com,EMP0028,EMP0028,High,Correct
okta,george.foster@company.com,EMP0029,EMP0029,High,Correct
okta,thomas.martinez@company.com,EMP0031,EMP0031,High,Correct
okta,henry.mitchell@company.com,EMP0032,EMP0032,High,Correct
okta,linda.flores@company.com,EMP0033,EMP0033,High,Correct
okta,donald.mendoza@company.com,EMP0034,EMP0034,High,Correct
okta,zachary.lee@company.com,EMP0036,EMP0036,High,Correct
okta,anthony.patel@company.com,EMP0037,EMP0037,High,Correct
okta,chloe.gonzales@company.com,EMP0038,EMP0038,High,Correct
okta,jose.hughes@company.com,EMP0039,EMP0039,High,Correct
okta,hannah.stewart@company.com,EMP0040,EMP0040,High,Correct
okta,anna.collins@company.com,EMP0041,EMP0041,High,Correct
okta,leah.robinson@company.com,EMP0042,EMP0042,High,Correct
okta,mark.phillips@company.com,EMP0043,EMP0043,High,Correct
okta,aaron.scott@company.com,EMP0044,EMP0044,High,Correct
okta,frank.butler@company.com,EMP0045,EMP0045,High,Correct
okta,peter.king@company.com,EMP0046,EMP0046,Low (Collision),Correct
okta,amy.kelly@company.com,EMP0049,EMP0049,High,Correct
okta,jack.parker@company.com,EMP0050,EMP0050,High,Correct
okta,larry.mendoza@company.com,EMP0051,EMP0051,High,Correct
okta,david.bennett@company.com,EMP0052,EMP0052,High,Correct
okta,douglas.thomas@company.com,EMP0053,EMP0053,High,Correct
okta,chloe.evans@company.com,EMP0054,EMP0054,High,Correct
okta,michelle.peterson@company.com,EMP0055,EMP0055,High,Correct
okta,chloe.carter@company.com,EMP0056,EMP0056,Low (Collision),Correct
okta,angela.peterson@company.com,EMP0057,EMP0057,High,Correct
okta,donald.parker@company.com,EMP0058,EMP0058,High,Correct
okta,jacob.gray@company.com,EMP0059,EMP0059,High,Correct
okta,lillian.jenkins@company.com,EMP0060,EMP0060,High,Correct
okta,isabella.james@company.com,EMP0061,EMP0061,High,Correct
okta,tyler.walker@company.com,EMP0062,EMP0062,High,Correct
okta,helen.jackson@company.com,EMP0063,EMP0063,High,Correct
okta,nicholas.ward@company.com,EMP0064,EMP0064,High,Correct
okta,audrey.watson@company.com,EMP0065,EMP0065,High,Correct
okta,angela.young@company.com,EMP0066,EMP0066,High,Correct
okta,zachary.foster@company.com,EMP0067,EMP0067,High,Correct
okta,anthony.perry@company.com,EMP0068,EMP0068,High,Correct
okta,carol.henderson@company.com,EMP0069,EMP0069,High,Correct
okta,adam.reyes@company.com,EMP0070,EMP0070,High,Correct
okta,kyle.lee@company.com,EMP0072,EMP0072,High,Correct
okta,tyler.young@company.com,EMP0073,EMP0073,High,Correct
okta,gregory.walker@company.com,EMP0074,EMP0074,High,Correct
okta,aria.torres@company.com,EMP0075,EMP0075,High,Correct
okta,brian.cooper@company.com,EMP0076,EMP0076,High,Correct
okta,donna.roberts@company.com,EMP0077,EMP0077,High,Correct
okta,ashley.evans@company.com,EMP0078,EMP0078,High,Correct
okta,ashley.davis@company.com,EMP0079,EMP0079,High,Correct
okta,samantha.foster@company.com,EMP0080,EMP0080,High,Correct
okta,ava.smith@company.com,EMP0081,EMP0081,High,Correct
okta,jerry.cooper@company.com,EMP0083,EMP0083,High,Correct
okta,joshua.parker@company.com,EMP0084,EMP0084,High,Correct
okta,anna.taylor@company.com,EMP0086,EMP0086,High,Correct
okta,scott.james@company.com,EMP0087,EMP0087,High,Correct
okta,ryan.moore@company.com,EMP0088,EMP0088,High,Correct
okta,ruth.carter@company.com,EMP0089,EMP0089,High,Correct
okta,henry.turner@company.com,EMP0091,EMP0091,High,Correct
okta,robert.myers@company.com,EMP0092,EMP0092,High,Correct
okta,grace.rodriguez@company.com,EMP0093,EMP0093,High,Correct
okta,helen.butler@company.com,EMP0094,EMP0094,High,Correct
okta,charles.stewart@company.com,EMP0095,EMP0095,High,Correct
okta,olivia.hughes@company.com,EMP0096,EMP0096,High,Correct
okta,abigail.cox@company.com,EMP0097,EMP0097,High,Correct
okta,jessica.howard@company.com,EMP0098,EMP0098,High,Correct
okta,evelyn.ruiz@company.com,EMP0100,EMP0100,High,Correct
okta,aaron.hill@company.com,EMP0101,EMP0101,High,Correct
okta,jonathan.chavez@company.com,EMP0103,EMP0103,High,Correct
okta,lucy.morales@company.com,EMP0104,EMP0104,High,Correct
okta,scarlett.coleman@company.com,EMP0105,EMP0105,High,Correct
okta,anthony.sanders@company.com,EMP0106,EMP0106,High,Correct
okta,hannah.young@company.com,EMP0108,EMP0108,High,Correct
okta,carol.long@company.com,EMP0109,EMP0109,High,Correct
okta,chloe.carter@company.com,EMP0056,EMP0110,Low (Collision),Incorrect
okta,douglas.adams@company.com,EMP0111,EMP0111,High,Correct
okta,deborah.perry@company.com,EMP0112,EMP0112,High,Correct
okta,peter.kim@company.com,EMP0113,EMP0113,High,Correct
okta,stephen.harris@company.com,EMP0114,EMP0114,High,Correct
okta,jeffrey.morales@company.com,EMP0007,EMP0115,Low (Collision),Incorrect
okta,aria.morales@company.com,EMP0010,EMP0116,Low (Collision),Incorrect
okta,patrick.howard@company.com,EMP0118,EMP0118,High,Correct
okta,deborah.hughes@company.com,EMP0120,EMP0120,High,Correct
okta,andrew.robinson@company.com,EMP0121,EMP0121,High,Correct
okta,sarah.myers@company.com,EMP0122,EMP0122,High,Correct
okta,jerry.morris@company.com,EMP0123,EMP0123,High,Correct
okta,kenneth.gonzalez@company.com,EMP0124,EMP0124,High,Correct
okta,ronald.thompson@company.com,EMP0125,EMP0125,High,Correct
okta,larry.taylor@company.com,EMP0126,EMP0126,High,Correct
okta,justin.nguyen@company.com,EMP0127,EMP0127,High,Correct
okta,leah.johnson@company.com,EMP0128,EMP0128,High,Correct
okta,jacob.baker@company.com,EMP0129,EMP0129,High,Correct
okta,zachary.morris@company.com,EMP0130,EMP0130,High,Correct
okta,eric.martinez@company.com,EMP0131,EMP0131,High,Correct
okta,addison.reed@company.com,EMP0132,EMP0132,High,Correct
okta,stephen.carter@company.com,EMP0134,EMP0134,High,Correct
okta,ella.davis@company.com,EMP0136,EMP0136,High,Correct
okta,sandra.king@company.com,EMP0137,EMP0137,High,Correct
okta,anthony.peterson@company.com,EMP0138,EMP0138,High,Correct
okta,jeffrey.edwards@company.com,EMP0139,EMP0139,High,Correct
okta,donna.torres@company.com,EMP0140,EMP0140,High,Correct
okta,victoria.robinson@company.com,EMP0141,EMP0141,High,Correct
okta,thomas.cooper@company.com,EMP0142,EMP0142,High,Correct
okta,lucy.jackson@company.com,EMP0143,EMP0143,High,Correct
okta,lillian.flores@company.com,EMP0144,EMP0144,High,Correct
okta,olivia.ruiz@company.com,EMP0145,EMP0145,High,Correct
okta,jonathan.cooper@company.com,EMP0146,EMP0146,High,Correct
okta,andrew.brown@company.com,EMP0148,EMP0148,High,Correct
okta,natalie.gonzales@company.com,EMP0149,EMP0149,High,Correct
okta,linda.ross@company.com,EMP0150,EMP0150,High,Correct
okta,grace.cruz@company.com,EMP0151,EMP0151,High,Correct
okta,brenda.brooks@company.com,EMP0152,EMP0152,High,Correct
okta,edward.evans@company.com,EMP0153,EMP0153,High,Correct
okta,jessica.barnes@company.com,EMP0154,EMP0154,High,Correct
okta,raymond.murphy@company.com,EMP0155,EMP0155,High,Correct
okta,zoey.peterson@company.com,EMP0156,EMP0156,High,Correct
okta,brian.allen@company.com,EMP0157,EMP0157,High,Correct
okta,angela.gonzales@company.com,EMP0158,EMP0158,High,Correct
okta,jeffrey.miller@company.com,EMP0159,EMP0159,High,Correct
okta,ella.long@company.com,EMP0160,EMP0160,High,Correct
okta,william.clark@company.com,EMP0161,EMP0161,High,Correct
okta,walter.torres@company.com,EMP0162,EMP0162,High,Correct
okta,jennifer.watson@company.com,EMP0163,EMP0163,High,Correct
okta,natalie.anderson@company.com,EMP0165,EMP0165,High,Correct
okta,henry.martin@company.com,EMP0166,EMP0166,High,Correct
okta,carol.collins@company.com,EMP0168,EMP0168,High,Correct
okta,anna.kim@company.com,EMP0169,EMP0169,High,Correct
okta,jonathan.wright@company.com,EMP0171,EMP0171,High,Correct
okta,kevin.butler@company.com,EMP0172,EMP0172,High,Correct
okta,larry.morris@company.com,EMP0173,EMP0173,High,Correct
okta,leah.harris@company.com,EMP0175,EMP0175,High,Correct
okta,lillian.bell@company.com,EMP0178,EMP0178,High,Correct
okta,charles.cook@company.com,EMP0179,EMP0179,High,Correct
okta,joseph.ortiz@company.com,EMP0180,EMP0180,High,Correct
okta,daniel.evans@company.com,EMP0181,EMP0181,High,Correct
okta,jose.king@company.com,EMP0182,EMP0182,High,Correct
okta,richard.barnes@company.com,EMP0183,EMP0183,High,Correct
okta,brian.watson@company.com,EMP0184,EMP0184,High,Correct
okta,ella.rodriguez@company.com,EMP0185,EMP0185,High,Correct
okta,scarlett.price@company.com,EMP0187,EMP0187,High,Correct
okta,raymond.hill@company.com,EMP0188,EMP0188,High,Correct
okta,lillian.davis@company.com,EMP0189,EMP0189,Low (Collision),Correct
okta,brenda.jackson@company.com,EMP0190,EMP0190,High,Correct
okta,scott.mendoza@company.com,EMP0191,EMP0191,High,Correct
okta,ethan.howard@company.com,EMP0193,EMP0193,High,Correct
okta,scarlett.allen@company.com,EMP0194,EMP0194,High,Correct
okta,maria.perry@company.com,EMP0195,EMP0195,High,Correct
okta,charlotte.lee@company.com,EMP0196,EMP0196,High,Correct
okta,douglas.hill@company.com,EMP0198,EMP0198,High,Correct
okta,harper.nguyen@company.com,EMP0200,EMP0200,High,Correct
okta,jason.scott@company.com,EMP0201,EMP0201,High,Correct
okta,penelope.myers@company.com,EMP0202,EMP0202,High,Correct
okta,penelope.perry@company.com,EMP0203,EMP0203,High,Correct
okta,scarlett.harris@company.com,EMP0204,EMP0204,High,Correct
okta,joseph.watson@company.com,EMP0205,EMP0205,High,Correct
okta,jacob.jones@company.com,EMP0206,EMP0206,High,Correct
okta,ethan.nguyen@company.com,EMP0207,EMP0207,High,Correct
okta,helen.taylor@company.com,EMP0208,EMP0208,High,Correct
okta,ethan.wright@company.com,EMP0209,EMP0209,High,Correct
okta,addison.nguyen@company.com,EMP0210,EMP0210,High,Correct
okta,elizabeth.jackson@company.com,EMP0211,EMP0211,High,Correct
okta,amelia.campbell@company.com,EMP0212,EMP0212,High,Correct
okta,ruth.morgan@company.com,EMP0213,EMP0213,High,Correct
okta,frank.myers@company.com,EMP0214,EMP0214,High,Correct
okta,lucy.brooks@company.com,EMP0215,EMP0215,High,Correct
okta,donna.stewart@company.com,EMP0216,EMP0216,High,Correct
okta,anna.ward@company.com,EMP0217,EMP0217,High,Correct
okta,lucy.reyes@company.com,EMP0218,EMP0218,High,Correct
okta,karen.garcia@company.com,EMP0219,EMP0219,High,Correct
okta,thomas.gonzalez@company.com,EMP0220,EMP0220,High,Correct
okta,amy.collins@company.com,EMP0221,EMP0221,High,Correct
okta,evelyn.myers@company.com,EMP0222,EMP0222,High,Correct
okta,joseph.coleman@company.com,EMP0223,EMP0223,High,Correct
okta,michael.ruiz@company.com,EMP0224,EMP0224,High,Correct
okta,jacob.walker@company.com,EMP0225,EMP0225,High,Correct
okta,dorothy.cooper@company.com,EMP0226,EMP0226,High,Correct
okta,sharon.harris@company.com,EMP0227,EMP0227,High,Correct
okta,patrick.ramirez@company.com,EMP0228,EMP0228,High,Correct
okta,george.young@company.com,EMP0229,EMP0229,High,Correct
okta,david.coleman@company.com,EMP0230,EMP0230,High,Correct
okta,nathan.robinson@company.com,EMP0231,EMP0231,High,Correct
okta,samantha.kim@company.com,EMP0232,EMP0232,High,Correct
okta,charles.cooper@company.com,EMP0233,EMP0233,High,Correct
okta,patrick.gonzales@company.com,EMP0234,EMP0234,High,Correct
okta,deborah.jenkins@company.com,EMP0235,EMP0235,High,Correct
okta,anthony.king@company.com,EMP0236,EMP0236,High,Correct
okta,ashley.ortiz@company.com,EMP0237,EMP0237,High,Correct
okta,emma.jimenez@company.com,EMP0238,EMP0238,High,Correct
okta,jessica.edwards@company.com,EMP0239,EMP0239,High,Correct
okta,jose.gonzales@company.com,EMP0240,EMP0240,High,Correct
okta,jennifer.davis@company.com,EMP0241,EMP0241,High,Correct
okta,victoria.wilson@company.com,EMP0242,EMP0242,High,Correct
okta,samantha.hernandez@company.com,EMP0243,EMP0243,High,Correct
okta,charles.scott@company.com,EMP0244,EMP0244,High,Correct
okta,mia.nguyen@company.com,EMP0245,EMP0245,High,Correct
okta,brenda.gonzalez@company.com,EMP0246,EMP0246,High,Correct
okta,jeffrey.baker@company.com,EMP0248,EMP0248,High,Correct
okta,lily.gonzalez@company.com,EMP0249,EMP0249,High,Correct
okta,chloe.allen@company.com,EMP0250,EMP0250,High,Correct
okta,walter.stewart@company.com,EMP0251,EMP0251,High,Correct
okta,susan.parker@company.com,EMP0252,EMP0252,High,Correct
okta,charles.bailey@company.com,EMP0253,EMP0253,High,Correct
okta,george.bennett@company.com,EMP0254,EMP0254,High,Correct
okta,benjamin.flores@company.com,EMP0256,EMP0256,High,Correct
okta,jonathan.ramirez@company.com,EMP0257,EMP0257,High,Correct
okta,douglas.wilson@company.com,EMP0258,EMP0258,Low (Collision),Correct
okta,thomas.ross@company.com,EMP0259,EMP0259,High,Correct
okta,addison.diaz@company.com,EMP0260,EMP0260,High,Correct
okta,betty.wright@company.com,EMP0261,EMP0261,High,Correct
okta,james.white@company.com,EMP0262,EMP0262,High,Correct
okta,angela.rodriguez@company.com,EMP0263,EMP0263,High,Correct
okta,aubrey.ortiz@company.com,EMP0264,EMP0264,High,Correct
okta,gary.baker@company.com,EMP0265,EMP0265,High,Correct
okta,dennis.adams@company.com,EMP0266,EMP0266,High,Correct
okta,matthew.long@company.com,EMP0267,EMP0267,High,Correct
okta,jacob.turner@company.com,EMP0269,EMP0269,High,Correct
okta,isabella.anderson@company.com,EMP0270,EMP0270,High,Correct
okta,kenneth.gray@company.com,EMP0271,EMP0271,High,Correct
okta,laura.garcia@company.com,EMP0272,EMP0272,High,Correct
okta,patricia.smith@company.com,EMP0273,EMP0273,High,Correct
okta,aaron.moore@company.com,EMP0274,EMP0274,High,Correct
okta,sarah.smith@company.com,EMP0275,EMP0275,High,Correct
okta,charles.carter@company.com,EMP0276,EMP0276,High,Correct
okta,henry.bennett@company.com,EMP0277,EMP0277,High,Correct
okta,zachary.patel@company.com,EMP0278,EMP0278,High,Correct
okta,gary.martinez@company.com,EMP0279,EMP0279,High,Correct
okta,angela.williams@company.com,EMP0281,EMP0281,High,Correct
okta,ella.collins@company.com,EMP0282,EMP0282,High,Correct
okta,douglas.wilson@company.com,EMP0258,EMP0283,Low (Collision),Incorrect
okta,angela.ortiz@company.com,EMP0284,EMP0284,High,Correct
okta,aubrey.baker@company.com,EMP0285,EMP0285,High,Correct
okta,lisa.martinez@company.com,EMP0286,EMP0286,High,Correct
okta,mark.jimenez@company.com,EMP0287,EMP0287,High,Correct
okta,nathan.chavez@company.com,EMP0288,EMP0288,High,Correct
okta,daniel.allen@company.com,EMP0289,EMP0289,High,Correct
okta,nancy.ross@company.com,EMP0290,EMP0290,High,Correct
okta,gregory.murphy@company.com,EMP0291,EMP0291,High,Correct
okta,brandon.edwards@company.com,EMP0292,EMP0292,High,Correct
okta,jacob.rodriguez@company.com,EMP0293,EMP0293,High,Correct
okta,kevin.jenkins@company.com,EMP0294,EMP0294,High,Correct
okta,jonathan.martinez@company.com,EMP0295,EMP0295,High,Correct
okta,michael.davis@company.com,EMP0296,EMP0296,High,Correct
okta,alexander.gonzales@company.com,EMP0297,EMP0297,High,Correct
okta,olivia.howard@company.com,EMP0298,EMP0298,High,Correct
okta,harper.wood@company.com,EMP0299,EMP0299,High,Correct
okta,nicholas.cook@company.com,EMP0300,EMP0300,High,Correct
okta,jessica.russell@company.com,EMP0301,EMP0301,High,Correct
okta,alexander.thompson@company.com,EMP0302,EMP0302,High,Correct
okta,jacob.cruz@company.com,EMP0303,EMP0303,High,Correct
okta,kimberly.gray@company.com,EMP0305,EMP0305,High,Correct
okta,dennis.barnes@company.com,EMP0307,EMP0307,High,Correct
okta,brandon.james@company.com,EMP0308,EMP0308,High,Correct
okta,jack.hernandez@company.com,EMP0310,EMP0310,High,Correct
okta,alexander.jenkins@company.com,EMP0311,EMP0311,High,Correct
okta,riley.coleman@company.com,EMP0312,EMP0312,High,Correct
okta,ronald.williams@company.com,EMP0313,EMP0313,High,Correct
okta,sandra.baker@company.com,EMP0314,EMP0314,High,Correct
okta,karen.martin@company.com,EMP0315,EMP0315,High,Correct
okta,joseph.cook@company.com,EMP0316,EMP0316,High,Correct
okta,betty.coleman@company.com,EMP0318,EMP0318,High,Correct
okta,jeffrey.campbell@company.com,EMP0319,EMP0319,High,Correct
okta,kenneth.long@company.com,EMP0320,EMP0320,High,Correct
okta,paul.flores@company.com,EMP0321,EMP0321,High,Correct
okta,frank.kelly@company.com,EMP0322,EMP0322,High,Correct
okta,ashley.lee@company.com,EMP0324,EMP0324,High,Correct
okta,william.chavez@company.com,EMP0325,EMP0325,High,Correct
okta,stella.wilson@company.com,EMP0326,EMP0326,High,Correct
okta,zoey.lee@company.com,EMP0327,EMP0327,High,Correct
okta,nathan.edwards@company.com,EMP0329,EMP0329,High,Correct
okta,william.gomez@company.com,EMP0330,EMP0330,High,Correct
okta,richard.mitchell@company.com,EMP0331,EMP0331,High,Correct
okta,stella.gonzalez@company.com,EMP0332,EMP0332,High,Correct
okta,michael.torres@company.com,EMP0333,EMP0333,High,Correct
okta,jack.stewart@company.com,EMP0334,EMP0334,High,Correct
okta,robert.allen@company.com,EMP0335,EMP0335,High,Correct
okta,kenneth.walker@company.com,EMP0337,EMP0337,High,Correct
okta,paul.turner@company.com,EMP0338,EMP0338,High,Correct
okta,natalie.murphy@company.com,EMP0339,EMP0339,High,Correct
okta,paul.alvarez@company.com,EMP0340,EMP0340,High,Correct
okta,james.ward@company.com,EMP0341,EMP0341,High,Correct
okta,ashley.white@company.com,EMP0342,EMP0342,High,Correct
okta,david.ortiz@company.com,EMP0343,EMP0343,High,Correct
okta,aubrey.williams@company.com,EMP0345,EMP0345,High,Correct
okta,paul.sanders@company.com,EMP0346,EMP0346,High,Correct
okta,tyler.nelson@company.com,EMP0347,EMP0347,High,Correct
okta,charlotte.baker@company.com,EMP0348,EMP0348,High,Correct
okta,ava.watson@company.com,EMP0349,EMP0349,High,Correct
okta,aria.jimenez@company.com,EMP0350,EMP0350,High,Correct
okta,helen.garcia@company.com,EMP0351,EMP0351,High,Correct
okta,andrew.jones@company.com,EMP0353,EMP0353,High,Correct
okta,zachary.jimenez@company.com,EMP0354,EMP0354,High,Correct
okta,sarah.perry@company.com,EMP0355,EMP0355,High,Correct
okta,sophia.ruiz@company.com,EMP0357,EMP0357,High,Correct
okta,stephen.wright@company.com,EMP0358,EMP0358,High,Correct
okta,brenda.cox@company.com,EMP0359,EMP0359,High,Correct
okta,emily.wilson@company.com,EMP0360,EMP0360,High,Correct
okta,michelle.flores@company.com,EMP0361,EMP0361,High,Correct
okta,raymond.cruz@company.com,EMP0362,EMP0362,High,Correct
okta,lillian.davis@company.com,EMP0189,EMP0364,Low (Collision),Incorrect
okta,isabella.perry@company.com,EMP0365,EMP0365,High,Correct
okta,douglas.cox@company.com,EMP0366,EMP0366,High,Correct
okta,david.walker@company.com,EMP0367,EMP0367,High,Correct
okta,scott.jones@company.com,EMP0368,EMP0368,High,Correct
okta,dorothy.cruz@company.com,EMP0369,EMP0369,High,Correct
okta,sharon.young@company.com,EMP0371,EMP0371,High,Correct
okta,ruth.jimenez@company.com,EMP0373,EMP0373,High,Correct
okta,samuel.torres@company.com,EMP0374,EMP0374,High,Correct
okta,karen.barnes@company.com,EMP0375,EMP0375,High,Correct
okta,samantha.alvarez@company.com,EMP0376,EMP0376,High,Correct
okta,victoria.henderson@company.com,EMP0377,EMP0377,High,Correct
okta,david.peterson@company.com,EMP0378,EMP0378,High,Correct
okta,aria.price@company.com,EMP0379,EMP0379,High,Correct
okta,steven.thomas@company.com,EMP0380,EMP0380,High,Correct
okta,lillian.murphy@company.com,EMP0381,EMP0381,High,Correct
okta,harper.mitchell@company.com,EMP0382,EMP0382,High,Correct
okta,samuel.lopez@company.com,EMP0383,EMP0383,High,Correct
okta,aria.castillo@company.com,EMP0384,EMP0384,High,Correct
okta,aaron.evans@company.com,EMP0385,EMP0385,High,Correct
okta,alexander.martinez@company.com,EMP0386,EMP0386,High,Correct
okta,stephen.hall@company.com,EMP0387,EMP0387,High,Correct
okta,evelyn.white@company.com,EMP0388,EMP0388,High,Correct
okta,ethan.davis@company.com,EMP0389,EMP0389,High,Correct
okta,kevin.perez@company.com,EMP0390,EMP0390,High,Correct
okta,steven.hall@company.com,EMP0391,EMP0391,High,Correct
okta,helen.brooks@company.com,EMP0392,EMP0392,High,Correct
okta,kevin.ward@company.com,EMP0393,EMP0393,High,Correct
okta,lisa.ramos@company.com,EMP0394,EMP0394,High,Correct
okta,ella.castillo@company.com,EMP0395,EMP0395,High,Correct
okta,lucy.gonzales@company.com,EMP0396,EMP0396,High,Correct
okta,alexander.foster@company.com,EMP0397,EMP0397,High,Correct
okta,harper.turner@company.com,EMP0398,EMP0398,High,Correct
okta,charlotte.nguyen@company.com,EMP0399,EMP0399,High,Correct
okta,elizabeth.ruiz@company.com,EMP0401,EMP0401,High,Correct
okta,ashley.morris@company.com,EMP0402,EMP0402,High,Correct
okta,abigail.jackson@company.com,EMP0403,EMP0403,High,Correct
okta,dorothy.rogers@company.com,EMP0405,EMP0405,High,Correct
okta,olivia.thomas@company.com,EMP0406,EMP0406,High,Correct
okta,daniel.gonzalez@company.com,EMP0407,EMP0407,High,Correct
okta,nathan.adams@company.com,EMP0409,EMP0409,High,Correct
okta,matthew.murphy@company.com,EMP0410,EMP0410,High,Correct
okta,sophia.williams@company.com,EMP0411,EMP0411,High,Correct
okta,gary.walker@company.com,EMP0412,EMP0412,High,Correct
okta,william.miller@company.com,EMP0413,EMP0413,High,Correct
okta,peter.butler@company.com,EMP0414,EMP0414,High,Correct
okta,maria.henderson@company.com,EMP0415,EMP0415,High,Correct
okta,peter.king@company.com,EMP0046,EMP0416,Low (Collision),Incorrect
okta,linda.phillips@company.com,EMP0417,EMP0417,High,Correct
okta,mark.campbell@company.com,EMP0418,EMP0418,High,Correct
okta,jonathan.edwards@company.com,EMP0419,EMP0419,High,Correct
okta,joseph.gomez@company.com,EMP0420,EMP0420,High,Correct
salesforce,svc_001_sf,SVC001,SVC001,High,Correct
salesforce,svc_002_sf,SVC002,SVC002,High,Correct
salesforce,svc_003_sf,SVC003,SVC003,High,Correct
salesforce,svc_004_sf,SVC004,SVC004,High,Correct
salesforce,svc_005_sf,SVC005,SVC005,High,Correct
salesforce,svc_006_sf,SVC006,SVC006,High,Correct
salesforce,svc_007_sf,SVC007,SVC007,High,Correct
salesforce,svc_008_sf,SVC008,SVC008,High,Correct
salesforce,svc_009_sf,SVC009,SVC009,High,Correct
salesforce,svc_010_sf,SVC010,SVC010,High,Correct
salesforce,svc_011_sf,SVC011,SVC011,High,Correct
salesforce,svc_012_sf,SVC012,SVC012,High,Correct
salesforce,svc_013_sf,SVC013,SVC013,High,Correct
salesforce,svc_014_sf,SVC014,SVC014,High,Correct
salesforce,svc_015_sf,SVC015,SVC015,High,Correct
salesforce,svc_016_sf,SVC016,SVC016,High,Correct
salesforce,svc_017_sf,SVC017,SVC017,High,Correct
salesforce,svc_018_sf,SVC018,SVC018,High,Correct
salesforce,svc_019_sf,SVC019,SVC019,High,Correct
salesforce,svc_020_sf,SVC020,SVC020,High,Correct
salesforce,svc_021_sf,SVC021,SVC021,High,Correct
salesforce,svc_022_sf,SVC022,SVC022,High,Correct
salesforce,svc_023_sf,SVC023,SVC023,High,Correct
salesforce,svc_024_sf,SVC024,SVC024,High,Correct
salesforce,svc_025_sf,SVC025,SVC025,High,Correct
salesforce,svc_026_sf,SVC026,SVC026,High,Correct
salesforce,svc_027_sf,SVC027,SVC027,High,Correct
salesforce,svc_028_sf,SVC028,SVC028,High,Correct
salesforce,svc_029_sf,SVC029,SVC029,High,Correct
salesforce,svc_030_sf,SVC030,SVC030,High,Correct
salesforce,c_scarlett_anderson_sf,CON001,CON001,High,Correct
salesforce,c_karen_patel_sf,CON002,CON002,High,Correct
salesforce,c_ryan_jones_sf,CON003,CON003,High,Correct
salesforce,c_jonathan_cox_sf,CON004,CON004,High,Correct
salesforce,c_grace_hughes_sf,CON005,CON005,High,Correct
salesforce,c_sharon_russell_sf,CON006,CON006,High,Correct
salesforce,c_kimberly_scott_sf,CON007,CON007,High,Correct
salesforce,c_jessica_lopez_sf,CON008,CON008,High,Correct
salesforce,c_abigail_king_sf,CON009,CON009,High,Correct
salesforce,c_larry_thomas_sf,CON010,CON010,High,Correct
salesforce,c_michelle_coleman_sf,CON011,CON011,High,Correct
salesforce,c_jack_rodriguez_sf,CON012,CON012,High,Correct
salesforce,c_aaron_nguyen_sf,CON013,CON013,High,Correct
salesforce,c_timothy_scott_sf,CON014,CON014,High,Correct
salesforce,c_matthew_mitchell_sf,CON015,CON015,High,Correct
salesforce,c_joshua_hughes_sf,CON016,CON016,High,Correct
salesforce,c_natalie_foster_sf,CON019,CON019,High,Correct
salesforce,c_addison_green_sf,CON020,CON020,High,Correct
salesforce,c_sandra_reed_sf,CON021,CON021,High,Correct
salesforce,c_sophia_gomez_sf,CON022,CON022,High,Correct
salesforce,c_karen_young_sf,CON023,CON023,High,Correct
salesforce,c_ryan_howard_sf,CON024,CON024,High,Correct
salesforce,c_karen_rogers_sf,CON025,CON025,High,Correct
salesforce,c_william_gonzales_sf,CON026,CON026,High,Correct
salesforce,c_matthew_jenkins_sf,CON027,CON027,High,Correct
salesforce,c_amy_carter_sf,CON028,CON028,High,Correct
salesforce,c_justin_gonzales_sf,CON029,CON029,High,Correct
salesforce,c_thomas_mendoza_sf,CON030,CON030,High,Correct
salesforce,c_kimberly_anderson_sf,CON031,CON031,High,Correct
salesforce,c_gary_smith_sf,CON032,CON032,High,Correct
salesforce,c_anthony_cook_sf,CON033,CON033,High,Correct
salesforce,c_zoey_lee_sf,CON035,CON035,High,Correct
salesforce,c_eric_williams_sf,CON036,CON036,High,Correct
salesforce,c_laura_walker_sf,CON037,CON037,High,Correct
salesforce,c_richard_hernandez_sf,CON038,CON038,High,Correct
salesforce,c_larry_foster_sf,CON039,CON039,High,Correct
salesforce,c_nicholas_peterson_sf,CON040,CON040,High,Correct
salesforce,c_leah_cox_sf,CON041,CON041,High,Correct
salesforce,c_angela_bennett_sf,CON043,CON043,High,Correct
salesforce,c_james_martinez_sf,CON046,CON046,High,Correct
salesforce,c_samantha_jones_sf,CON047,CON047,High,Correct
salesforce,c_paul_scott_sf,CON048,CON048,High,Correct
salesforce,c_charles_castillo_sf,CON049,CON049,High,Correct
salesforce,c_nicholas_russell_sf,CON050,CON050,High,Correct
salesforce,joseph_james_sf,EMP0001,EMP0001,High,Correct
salesforce,jeffrey_reyes_sf,EMP0002,EMP0002,High,Correct
salesforce,lily_baker_sf,EMP0003,EMP0003,High,Correct
salesforce,larry_edwards_sf,EMP0004,EMP0004,High,Correct
salesforce,olivia_young_sf,EMP0005,EMP0005,High,Correct
salesforce,william_wood_sf,EMP0006,EMP0006,High,Correct
salesforce,jeffrey_morales_sf,EMP0007,EMP0007,Low (Collision),Correct
salesforce,lisa_carter_sf,EMP0008,EMP0008,High,Correct
salesforce,jose_collins_sf,EMP0009,EMP0009,High,Correct
salesforce,aria_morales_sf,EMP0010,EMP0010,Low (Collision),Correct
salesforce,patricia_howard_sf,EMP0011,EMP0011,High,Correct
salesforce,brandon_morris_sf,EMP0012,EMP0012,High,Correct
salesforce,douglas_white_sf,EMP0013,EMP0013,High,Correct
salesforce,richard_turner_sf,EMP0015,EMP0015,High,Correct
salesforce,charles_bennett_sf,EMP0017,EMP0017,High,Correct
salesforce,walter_long_sf,EMP0018,EMP0018,High,Correct
salesforce,ella_reed_sf,EMP0019,EMP0019,High,Correct
salesforce,sandra_cook_sf,EMP0020,EMP0020,High,Correct
salesforce,matthew_cruz_sf,EMP0022,EMP0022,High,Correct
salesforce,chloe_sullivan_sf,EMP0023,EMP0023,High,Correct
salesforce,ruth_anderson_sf,EMP0024,EMP0024,High,Correct
salesforce,victoria_brooks_sf,EMP0026,EMP0026,High,Correct
salesforce,andrew_henderson_sf,EMP0027,EMP0027,High,Correct
salesforce,ryan_coleman_sf,EMP0028,EMP0028,High,Correct
salesforce,george_foster_sf,EMP0029,EMP0029,High,Correct
salesforce,jerry_cruz_sf,EMP0030,EMP0030,High,Correct
salesforce,thomas_martinez_sf,EMP0031,EMP0031,High,Correct
salesforce,henry_mitchell_sf,EMP0032,EMP0032,High,Correct
salesforce,linda_flores_sf,EMP0033,EMP0033,High,Correct
salesforce,penelope_bailey_sf,EMP0035,EMP0035,High,Correct
salesforce,zachary_lee_sf,EMP0036,EMP0036,High,Correct
salesforce,anthony_patel_sf,EMP0037,EMP0037,High,Correct
salesforce,jose_hughes_sf,EMP0039,EMP0039,High,Correct
salesforce,anna_collins_sf,EMP0041,EMP0041,High,Correct
salesforce,mark_phillips_sf,EMP0043,EMP0043,High,Correct
salesforce,aaron_scott_sf,EMP0044,EMP0044,High,Correct
salesforce,frank_butler_sf,EMP0045,EMP0045,High,Correct
salesforce,peter_king_sf,EMP0046,EMP0046,Low (Collision),Correct
salesforce,michael_wilson_sf,EMP0047,EMP0047,High,Correct
salesforce,jose_green_sf,EMP0048,EMP0048,High,Correct
salesforce,jack_parker_sf,EMP0050,EMP0050,High,Correct
salesforce,david_bennett_sf,EMP0052,EMP0052,High,Correct
salesforce,douglas_thomas_sf,EMP0053,EMP0053,High,Correct
salesforce,chloe_evans_sf,EMP0054,EMP0054,High,Correct
salesforce,michelle_peterson_sf,EMP0055,EMP0055,High,Correct
salesforce,chloe_carter_sf,EMP0056,EMP0056,Low (Collision),Correct
salesforce,angela_peterson_sf,EMP0057,EMP0057,High,Correct
salesforce,donald_parker_sf,EMP0058,EMP0058,High,Correct
salesforce,lillian_jenkins_sf,EMP0060,EMP0060,High,Correct
salesforce,isabella_james_sf,EMP0061,EMP0061,High,Correct
salesforce,tyler_walker_sf,EMP0062,EMP0062,High,Correct
salesforce,helen_jackson_sf,EMP0063,EMP0063,High,Correct
salesforce,nicholas_ward_sf,EMP0064,EMP0064,High,Correct
salesforce,angela_young_sf,EMP0066,EMP0066,High,Correct
salesforce,zachary_foster_sf,EMP0067,EMP0067,High,Correct
salesforce,anthony_perry_sf,EMP0068,EMP0068,High,Correct
salesforce,carol_henderson_sf,EMP0069,EMP0069,High,Correct
salesforce,adam_reyes_sf,EMP0070,EMP0070,High,Correct
salesforce,nathan_castillo_sf,EMP0071,EMP0071,High,Correct
salesforce,kyle_lee_sf,EMP0072,EMP0072,High,Correct
salesforce,tyler_young_sf,EMP0073,EMP0073,High,Correct
salesforce,gregory_walker_sf,EMP0074,EMP0074,High,Correct
salesforce,brian_cooper_sf,EMP0076,EMP0076,High,Correct
salesforce,donna_roberts_sf,EMP0077,EMP0077,High,Correct
salesforce,ashley_evans_sf,EMP0078,EMP0078,High,Correct
salesforce,samantha_foster_sf,EMP0080,EMP0080,High,Correct
salesforce,ava_smith_sf,EMP0081,EMP0081,High,Correct
salesforce,amy_barnes_sf,EMP0082,EMP0082,High,Correct
salesforce,joshua_parker_sf,EMP0084,EMP0084,High,Correct
salesforce,kimberly_bennett_sf,EMP0085,EMP0085,High,Correct
salesforce,anna_taylor_sf,EMP0086,EMP0086,High,Correct
salesforce,scott_james_sf,EMP0087,EMP0087,High,Correct
salesforce,ryan_moore_sf,EMP0088,EMP0088,High,Correct
salesforce,ruth_carter_sf,EMP0089,EMP0089,High,Correct
salesforce,emily_baker_sf,EMP0090,EMP0090,High,Correct
salesforce,henry_turner_sf,EMP0091,EMP0091,High,Correct
salesforce,robert_myers_sf,EMP0092,EMP0092,High,Correct
salesforce,grace_rodriguez_sf,EMP0093,EMP0093,High,Correct
salesforce,helen_butler_sf,EMP0094,EMP0094,High,Correct
salesforce,charles_stewart_sf,EMP0095,EMP0095,High,Correct
salesforce,olivia_hughes_sf,EMP0096,EMP0096,High,Correct
salesforce,abigail_cox_sf,EMP0097,EMP0097,High,Correct
salesforce,jessica_howard_sf,EMP0098,EMP0098,High,Correct
salesforce,frank_carter_sf,EMP0099,EMP0099,High,Correct
salesforce,aaron_hill_sf,EMP0101,EMP0101,High,Correct
salesforce,linda_hall_sf,EMP0102,EMP0102,High,Correct
salesforce,jonathan_chavez_sf,EMP0103,EMP0103,High,Correct
salesforce,lucy_morales_sf,EMP0104,EMP0104,High,Correct
salesforce,scarlett_coleman_sf,EMP0105,EMP0105,High,Correct
salesforce,anthony_sanders_sf,EMP0106,EMP0106,High,Correct
salesforce,ava_reyes_sf,EMP0107,EMP0107,High,Correct
salesforce,hannah_young_sf,EMP0108,EMP0108,High,Correct
salesforce,carol_long_sf,EMP0109,EMP0109,High,Correct
salesforce,chloe_carter_sf,EMP0056,EMP0110,Low (Collision),Incorrect
salesforce,douglas_adams_sf,EMP0111,EMP0111,High,Correct
salesforce,deborah_perry_sf,EMP0112,EMP0112,High,Correct
salesforce,peter_kim_sf,EMP0113,EMP0113,High,Correct
salesforce,stephen_harris_sf,EMP0114,EMP0114,High,Correct
salesforce,aria_morales_sf,EMP0010,EMP0116,Low (Collision),Incorrect
salesforce,michelle_lewis_sf,EMP0117,EMP0117,High,Correct
salesforce,patrick_howard_sf,EMP0118,EMP0118,High,Correct
salesforce,mia_hall_sf,EMP0119,EMP0119,High,Correct
salesforce,deborah_hughes_sf,EMP0120,EMP0120,High,Correct
salesforce,andrew_robinson_sf,EMP0121,EMP0121,High,Correct
salesforce,sarah_myers_sf,EMP0122,EMP0122,High,Correct
salesforce,jerry_morris_sf,EMP0123,EMP0123,High,Correct
salesforce,ronald_thompson_sf,EMP0125,EMP0125,High,Correct
salesforce,larry_taylor_sf,EMP0126,EMP0126,High,Correct
salesforce,justin_nguyen_sf,EMP0127,EMP0127,High,Correct
salesforce,leah_johnson_sf,EMP0128,EMP0128,High,Correct
salesforce,jacob_baker_sf,EMP0129,EMP0129,High,Correct
salesforce,zachary_morris_sf,EMP0130,EMP0130,High,Correct
salesforce,eric_martinez_sf,EMP0131,EMP0131,High,Correct
salesforce,addison_reed_sf,EMP0132,EMP0132,High,Correct
salesforce,sarah_bailey_sf,EMP0133,EMP0133,High,Correct
salesforce,stephen_carter_sf,EMP0134,EMP0134,High,Correct
salesforce,zachary_ramos_sf,EMP0135,EMP0135,High,Correct
salesforce,ella_davis_sf,EMP0136,EMP0136,High,Correct
salesforce,sandra_king_sf,EMP0137,EMP0137,High,Correct
salesforce,anthony_peterson_sf,EMP0138,EMP0138,High,Correct
salesforce,jeffrey_edwards_sf,EMP0139,EMP0139,High,Correct
salesforce,donna_torres_sf,EMP0140,EMP0140,High,Correct
salesforce,victoria_robinson_sf,EMP0141,EMP0141,High,Correct
salesforce,lucy_jackson_sf,EMP0143,EMP0143,High,Correct
salesforce,lillian_flores_sf,EMP0144,EMP0144,High,Correct
salesforce,olivia_ruiz_sf,EMP0145,EMP0145,High,Correct
salesforce,jonathan_cooper_sf,EMP0146,EMP0146,High,Correct
salesforce,benjamin_garcia_sf,EMP0147,EMP0147,High,Correct
salesforce,andrew_brown_sf,EMP0148,EMP0148,High,Correct
salesforce,natalie_gonzales_sf,EMP0149,EMP0149,High,Correct
salesforce,linda_ross_sf,EMP0150,EMP0150,High,Correct
salesforce,grace_cruz_sf,EMP0151,EMP0151,High,Correct
salesforce,brenda_brooks_sf,EMP0152,EMP0152,High,Correct
salesforce,edward_evans_sf,EMP0153,EMP0153,High,Correct
salesforce,jessica_barnes_sf,EMP0154,EMP0154,High,Correct
salesforce,raymond_murphy_sf,EMP0155,EMP0155,High,Correct
salesforce,zoey_peterson_sf,EMP0156,EMP0156,High,Correct
salesforce,brian_allen_sf,EMP0157,EMP0157,High,Correct
salesforce,angela_gonzales_sf,EMP0158,EMP0158,High,Correct
salesforce,ella_long_sf,EMP0160,EMP0160,High,Correct
salesforce,william_clark_sf,EMP0161,EMP0161,High,Correct
salesforce,walter_torres_sf,EMP0162,EMP0162,High,Correct
salesforce,justin_johnson_sf,EMP0164,EMP0164,High,Correct
salesforce,natalie_anderson_sf,EMP0165,EMP0165,High,Correct
salesforce,henry_martin_sf,EMP0166,EMP0166,High,Correct
salesforce,jack_wright_sf,EMP0167,EMP0167,High,Correct
salesforce,carol_collins_sf,EMP0168,EMP0168,High,Correct
salesforce,anna_kim_sf,EMP0169,EMP0169,High,Correct
salesforce,aaron_jenkins_sf,EMP0170,EMP0170,High,Correct
salesforce,jonathan_wright_sf,EMP0171,EMP0171,High,Correct
salesforce,kevin_butler_sf,EMP0172,EMP0172,High,Correct
salesforce,larry_morris_sf,EMP0173,EMP0173,High,Correct
salesforce,zoey_cooper_sf,EMP0174,EMP0174,High,Correct
salesforce,donna_barnes_sf,EMP0176,EMP0176,High,Correct
salesforce,aubrey_stewart_sf,EMP0177,EMP0177,High,Correct
salesforce,lillian_bell_sf,EMP0178,EMP0178,High,Correct
salesforce,charles_cook_sf,EMP0179,EMP0179,High,Correct
salesforce,joseph_ortiz_sf,EMP0180,EMP0180,High,Correct
salesforce,daniel_evans_sf,EMP0181,EMP0181,High,Correct
salesforce,jose_king_sf,EMP0182,EMP0182,High,Correct
salesforce,richard_barnes_sf,EMP0183,EMP0183,High,Correct
salesforce,brian_watson_sf,EMP0184,EMP0184,High,Correct
salesforce,aubrey_lopez_sf,EMP0186,EMP0186,High,Correct
salesforce,scarlett_price_sf,EMP0187,EMP0187,High,Correct
salesforce,raymond_hill_sf,EMP0188,EMP0188,High,Correct
salesforce,lillian_davis_sf,EMP0189,EMP0189,Low (Collision),Correct
salesforce,scott_mendoza_sf,EMP0191,EMP0191,High,Correct
salesforce,richard_ward_sf,EMP0192,EMP0192,High,Correct
salesforce,ethan_howard_sf,EMP0193,EMP0193,High,Correct
salesforce,scarlett_allen_sf,EMP0194,EMP0194,High,Correct
salesforce,maria_perry_sf,EMP0195,EMP0195,High,Correct
salesforce,charlotte_lee_sf,EMP0196,EMP0196,High,Correct
salesforce,evelyn_hill_sf,EMP0197,EMP0197,High,Correct
salesforce,jessica_walker_sf,EMP0199,EMP0199,High,Correct
salesforce,harper_nguyen_sf,EMP0200,EMP0200,High,Correct
salesforce,jason_scott_sf,EMP0201,EMP0201,High,Correct
salesforce,penelope_myers_sf,EMP0202,EMP0202,High,Correct
salesforce,scarlett_harris_sf,EMP0204,EMP0204,High,Correct
salesforce,joseph_watson_sf,EMP0205,EMP0205,High,Correct
salesforce,jacob_jones_sf,EMP0206,EMP0206,High,Correct
salesforce,ethan_nguyen_sf,EMP0207,EMP0207,High,Correct
salesforce,helen_taylor_sf,EMP0208,EMP0208,High,Correct
salesforce,ethan_wright_sf,EMP0209,EMP0209,High,Correct
salesforce,addison_nguyen_sf,EMP0210,EMP0210,High,Correct
salesforce,amelia_campbell_sf,EMP0212,EMP0212,High,Correct
salesforce,ruth_morgan_sf,EMP0213,EMP0213,High,Correct
salesforce,frank_myers_sf,EMP0214,EMP0214,High,Correct
salesforce,lucy_brooks_sf,EMP0215,EMP0215,High,Correct
salesforce,donna_stewart_sf,EMP0216,EMP0216,High,Correct
salesforce,lucy_reyes_sf,EMP0218,EMP0218,High,Correct
salesforce,karen_garcia_sf,EMP0219,EMP0219,High,Correct
salesforce,amy_collins_sf,EMP0221,EMP0221,High,Correct
salesforce,evelyn_myers_sf,EMP0222,EMP0222,High,Correct
salesforce,joseph_coleman_sf,EMP0223,EMP0223,High,Correct
salesforce,michael_ruiz_sf,EMP0224,EMP0224,High,Correct
salesforce,jacob_walker_sf,EMP0225,EMP0225,High,Correct
salesforce,dorothy_cooper_sf,EMP0226,EMP0226,High,Correct
salesforce,sharon_harris_sf,EMP0227,EMP0227,High,Correct
salesforce,patrick_ramirez_sf,EMP0228,EMP0228,High,Correct
salesforce,george_young_sf,EMP0229,EMP0229,High,Correct
salesforce,nathan_robinson_sf,EMP0231,EMP0231,High,Correct
salesforce,samantha_kim_sf,EMP0232,EMP0232,High,Correct
salesforce,charles_cooper_sf,EMP0233,EMP0233,High,Correct
salesforce,patrick_gonzales_sf,EMP0234,EMP0234,High,Correct
salesforce,anthony_king_sf,EMP0236,EMP0236,High,Correct
salesforce,ashley_ortiz_sf,EMP0237,EMP0237,High,Correct
salesforce,emma_jimenez_sf,EMP0238,EMP0238,High,Correct
salesforce,jose_gonzales_sf,EMP0240,EMP0240,High,Correct
salesforce,jennifer_davis_sf,EMP0241,EMP0241,High,Correct
salesforce,victoria_wilson_sf,EMP0242,EMP0242,High,Correct
salesforce,samantha_hernandez_sf,EMP0243,EMP0243,High,Correct
salesforce,charles_scott_sf,EMP0244,EMP0244,High,Correct
salesforce,mia_nguyen_sf,EMP0245,EMP0245,High,Correct
salesforce,brenda_gonzalez_sf,EMP0246,EMP0246,High,Correct
salesforce,zachary_ramirez_sf,EMP0247,EMP0247,High,Correct
salesforce,jeffrey_baker_sf,EMP0248,EMP0248,High,Correct
salesforce,lily_gonzalez_sf,EMP0249,EMP0249,High,Correct
salesforce,chloe_allen_sf,EMP0250,EMP0250,High,Correct
salesforce,walter_stewart_sf,EMP0251,EMP0251,High,Correct
salesforce,susan_parker_sf,EMP0252,EMP0252,High,Correct
salesforce,charles_bailey_sf,EMP0253,EMP0253,High,Correct
salesforce,george_bennett_sf,EMP0254,EMP0254,High,Correct
salesforce,leah_bennett_sf,EMP0255,EMP0255,High,Correct
salesforce,benjamin_flores_sf,EMP0256,EMP0256,High,Correct
salesforce,jonathan_ramirez_sf,EMP0257,EMP0257,High,Correct
salesforce,douglas_wilson_sf,EMP0258,EMP0258,Low (Collision),Correct
salesforce,thomas_ross_sf,EMP0259,EMP0259,High,Correct
salesforce,addison_diaz_sf,EMP0260,EMP0260,High,Correct
salesforce,betty_wright_sf,EMP0261,EMP0261,High,Correct
salesforce,james_white_sf,EMP0262,EMP0262,High,Correct
salesforce,angela_rodriguez_sf,EMP0263,EMP0263,High,Correct
salesforce,gary_baker_sf,EMP0265,EMP0265,High,Correct
salesforce,dennis_adams_sf,EMP0266,EMP0266,High,Correct
salesforce,matthew_long_sf,EMP0267,EMP0267,High,Correct
salesforce,jacob_james_sf,EMP0268,EMP0268,High,Correct
salesforce,jacob_turner_sf,EMP0269,EMP0269,High,Correct
salesforce,isabella_anderson_sf,EMP0270,EMP0270,High,Correct
salesforce,kenneth_gray_sf,EMP0271,EMP0271,High,Correct
salesforce,aaron_moore_sf,EMP0274,EMP0274,High,Correct
salesforce,sarah_smith_sf,EMP0275,EMP0275,High,Correct
salesforce,henry_bennett_sf,EMP0277,EMP0277,High,Correct
salesforce,zachary_patel_sf,EMP0278,EMP0278,High,Correct
salesforce,gary_martinez_sf,EMP0279,EMP0279,High,Correct
salesforce,harper_phillips_sf,EMP0280,EMP0280,High,Correct
salesforce,angela_williams_sf,EMP0281,EMP0281,High,Correct
salesforce,ella_collins_sf,EMP0282,EMP0282,High,Correct
salesforce,angela_ortiz_sf,EMP0284,EMP0284,High,Correct
salesforce,lisa_martinez_sf,EMP0286,EMP0286,High,Correct
salesforce,mark_jimenez_sf,EMP0287,EMP0287,High,Correct
salesforce,nathan_chavez_sf,EMP0288,EMP0288,High,Correct
salesforce,nancy_ross_sf,EMP0290,EMP0290,High,Correct
salesforce,gregory_murphy_sf,EMP0291,EMP0291,High,Correct
salesforce,brandon_edwards_sf,EMP0292,EMP0292,High,Correct
salesforce,jacob_rodriguez_sf,EMP0293,EMP0293,High,Correct
salesforce,kevin_jenkins_sf,EMP0294,EMP0294,High,Correct
salesforce,jonathan_martinez_sf,EMP0295,EMP0295,High,Correct
salesforce,michael_davis_sf,EMP0296,EMP0296,High,Correct
salesforce,alexander_gonzales_sf,EMP0297,EMP0297,High,Correct
salesforce,olivia_howard_sf,EMP0298,EMP0298,High,Correct
salesforce,nicholas_cook_sf,EMP0300,EMP0300,High,Correct
salesforce,jessica_russell_sf,EMP0301,EMP0301,High,Correct
salesforce,alexander_thompson_sf,EMP0302,EMP0302,High,Correct
salesforce,jacob_cruz_sf,EMP0303,EMP0303,High,Correct
salesforce,anna_torres_sf,EMP0304,EMP0304,High,Correct
salesforce,kimberly_gray_sf,EMP0305,EMP0305,High,Correct
salesforce,george_gonzalez_sf,EMP0306,EMP0306,High,Correct
salesforce,dennis_barnes_sf,EMP0307,EMP0307,High,Correct
salesforce,brandon_james_sf,EMP0308,EMP0308,High,Correct
salesforce,grace_hughes_sf,EMP0309,EMP0309,High,Correct
salesforce,jack_hernandez_sf,EMP0310,EMP0310,High,Correct
salesforce,alexander_jenkins_sf,EMP0311,EMP0311,High,Correct
salesforce,riley_coleman_sf,EMP0312,EMP0312,High,Correct
salesforce,ronald_williams_sf,EMP0313,EMP0313,High,Correct
salesforce,sandra_baker_sf,EMP0314,EMP0314,High,Correct
salesforce,karen_martin_sf,EMP0315,EMP0315,High,Correct
salesforce,joseph_cook_sf,EMP0316,EMP0316,High,Correct
salesforce,ella_taylor_sf,EMP0317,EMP0317,High,Correct
salesforce,betty_coleman_sf,EMP0318,EMP0318,High,Correct
salesforce,kenneth_long_sf,EMP0320,EMP0320,High,Correct
salesforce,paul_flores_sf,EMP0321,EMP0321,High,Correct
salesforce,frank_kelly_sf,EMP0322,EMP0322,High,Correct
salesforce,kenneth_jimenez_sf,EMP0323,EMP0323,High,Correct
salesforce,william_chavez_sf,EMP0325,EMP0325,High,Correct
salesforce,stella_wilson_sf,EMP0326,EMP0326,High,Correct
salesforce,zoey_lee_sf,EMP0327,EMP0327,High,Correct
salesforce,daniel_coleman_sf,EMP0328,EMP0328,High,Correct
salesforce,nathan_edwards_sf,EMP0329,EMP0329,High,Correct
salesforce,william_gomez_sf,EMP0330,EMP0330,High,Correct
salesforce,stella_gonzalez_sf,EMP0332,EMP0332,High,Correct
salesforce,michael_torres_sf,EMP0333,EMP0333,High,Correct
salesforce,jack_stewart_sf,EMP0334,EMP0334,High,Correct
salesforce,lily_cox_sf,EMP0336,EMP0336,High,Correct
salesforce,kenneth_walker_sf,EMP0337,EMP0337,High,Correct
salesforce,paul_turner_sf,EMP0338,EMP0338,High,Correct
salesforce,natalie_murphy_sf,EMP0339,EMP0339,High,Correct
salesforce,paul_alvarez_sf,EMP0340,EMP0340,High,Correct
salesforce,james_ward_sf,EMP0341,EMP0341,High,Correct
salesforce,ashley_white_sf,EMP0342,EMP0342,High,Correct
salesforce,david_ortiz_sf,EMP0343,EMP0343,High,Correct
salesforce,linda_brooks_sf,EMP0344,EMP0344,High,Correct
salesforce,aubrey_williams_sf,EMP0345,EMP0345,High,Correct
salesforce,paul_sanders_sf,EMP0346,EMP0346,High,Correct
salesforce,tyler_nelson_sf,EMP0347,EMP0347,High,Correct
salesforce,charlotte_baker_sf,EMP0348,EMP0348,High,Correct
salesforce,ava_watson_sf,EMP0349,EMP0349,High,Correct
salesforce,aria_jimenez_sf,EMP0350,EMP0350,High,Correct
salesforce,stella_flores_sf,EMP0352,EMP0352,High,Correct
salesforce,zachary_jimenez_sf,EMP0354,EMP0354,High,Correct
salesforce,sarah_perry_sf,EMP0355,EMP0355,High,Correct
salesforce,aubrey_cruz_sf,EMP0356,EMP0356,High,Correct
salesforce,sophia_ruiz_sf,EMP0357,EMP0357,High,Correct
salesforce,stephen_wright_sf,EMP0358,EMP0358,High,Correct
salesforce,brenda_cox_sf,EMP0359,EMP0359,High,Correct
salesforce,emily_wilson_sf,EMP0360,EMP0360,High,Correct
salesforce,michelle_flores_sf,EMP0361,EMP0361,High,Correct
salesforce,raymond_cruz_sf,EMP0362,EMP0362,High,Correct
salesforce,lily_rivera_sf,EMP0363,EMP0363,High,Correct
salesforce,lillian_davis_sf,EMP0189,EMP0364,Low (Collision),Incorrect
salesforce,isabella_perry_sf,EMP0365,EMP0365,High,Correct
salesforce,douglas_cox_sf,EMP0366,EMP0366,High,Correct
salesforce,david_walker_sf,EMP0367,EMP0367,High,Correct
salesforce,scott_jones_sf,EMP0368,EMP0368,High,Correct
salesforce,dorothy_cruz_sf,EMP0369,EMP0369,High,Correct
salesforce,mia_campbell_sf,EMP0370,EMP0370,High,Correct
salesforce,sharon_young_sf,EMP0371,EMP0371,High,Correct
salesforce,betty_murphy_sf,EMP0372,EMP0372,High,Correct
salesforce,ruth_jimenez_sf,EMP0373,EMP0373,High,Correct
salesforce,samuel_torres_sf,EMP0374,EMP0374,High,Correct
salesforce,karen_barnes_sf,EMP0375,EMP0375,High,Correct
salesforce,samantha_alvarez_sf,EMP0376,EMP0376,High,Correct
salesforce,victoria_henderson_sf,EMP0377,EMP0377,High,Correct
salesforce,david_peterson_sf,EMP0378,EMP0378,High,Correct
salesforce,aria_price_sf,EMP0379,EMP0379,High,Correct
salesforce,lillian_murphy_sf,EMP0381,EMP0381,High,Correct
salesforce,harper_mitchell_sf,EMP0382,EMP0382,High,Correct
salesforce,samuel_lopez_sf,EMP0383,EMP0383,High,Correct
salesforce,aria_castillo_sf,EMP0384,EMP0384,High,Correct
salesforce,aaron_evans_sf,EMP0385,EMP0385,High,Correct
salesforce,alexander_martinez_sf,EMP0386,EMP0386,High,Correct
salesforce,stephen_hall_sf,EMP0387,EMP0387,High,Correct
salesforce,evelyn_white_sf,EMP0388,EMP0388,High,Correct
salesforce,ethan_davis_sf,EMP0389,EMP0389,High,Correct
salesforce,kevin_perez_sf,EMP0390,EMP0390,High,Correct
salesforce,steven_hall_sf,EMP0391,EMP0391,High,Correct
salesforce,helen_brooks_sf,EMP0392,EMP0392,High,Correct
salesforce,kevin_ward_sf,EMP0393,EMP0393,High,Correct
salesforce,lisa_ramos_sf,EMP0394,EMP0394,High,Correct
salesforce,ella_castillo_sf,EMP0395,EMP0395,High,Correct
salesforce,lucy_gonzales_sf,EMP0396,EMP0396,High,Correct
salesforce,alexander_foster_sf,EMP0397,EMP0397,High,Correct
salesforce,harper_turner_sf,EMP0398,EMP0398,High,Correct
salesforce,charlotte_nguyen_sf,EMP0399,EMP0399,High,Correct
salesforce,addison_russell_sf,EMP0400,EMP0400,High,Correct
salesforce,elizabeth_ruiz_sf,EMP0401,EMP0401,High,Correct
salesforce,ashley_morris_sf,EMP0402,EMP0402,High,Correct
salesforce,abigail_jackson_sf,EMP0403,EMP0403,High,Correct
salesforce,zachary_hall_sf,EMP0404,EMP0404,High,Correct
salesforce,dorothy_rogers_sf,EMP0405,EMP0405,High,Correct
salesforce,olivia_thomas_sf,EMP0406,EMP0406,High,Correct
salesforce,daniel_gonzalez_sf,EMP0407,EMP0407,High,Correct
salesforce,zachary_ward_sf,EMP0408,EMP0408,High,Correct
salesforce,nathan_adams_sf,EMP0409,EMP0409,High,Correct
salesforce,matthew_murphy_sf,EMP0410,EMP0410,High,Correct
salesforce,sophia_williams_sf,EMP0411,EMP0411,High,Correct
salesforce,william_miller_sf,EMP0413,EMP0413,High,Correct
salesforce,peter_butler_sf,EMP0414,EMP0414,High,Correct
salesforce,maria_henderson_sf,EMP0415,EMP0415,High,Correct
salesforce,peter_king_sf,EMP0046,EMP0416,Low (Collision),Incorrect
salesforce,linda_phillips_sf,EMP0417,EMP0417,High,Correct
salesforce,mark_campbell_sf,EMP0418,EMP0418,High,Correct
salesforce,jonathan_edwards_sf,EMP0419,EMP0419,High,Correct
salesforce,joseph_gomez_sf,EMP0420,EMP0420,High,Correct
